symbol,bars,n_pk_high,n_pk_close,n_pk_shared,n_pk_high_only,n_pk_close_only,mean_price_ratio,n_bo_high,n_bo_close,n_bo_shared,n_bo_high_only,n_bo_close_only,mean_dist_close_only
SACH,366,7,5,1,6,4,1.016260146842582,3,4,2,1,2,1.0
THMG,366,16,15,3,13,12,1.0144927395389154,11,13,7,4,6,2.25
TDACU,300,0,0,0,0,0,,0,0,0,0,0,
BKT,366,0,0,0,0,0,,0,0,0,0,0,
MBLY,366,15,12,8,7,4,1.043811400281396,9,8,4,5,4,4.0
NEPH,366,14,10,5,9,5,1.0261960453912982,7,8,3,4,5,3.0
ALYAF,366,12,12,3,9,9,1.0043010969357162,6,9,5,1,4,5.111111111111111
XYF,366,11,11,4,7,7,1.0471268700439391,7,10,3,4,7,2.4285714285714284
LPRO,366,13,9,2,11,7,1.0185139659927507,4,4,2,2,2,1.2857142857142858
BR,366,0,0,0,0,0,,0,0,0,0,0,
FMTOF,366,12,12,7,5,5,1.1164670325379036,2,3,1,1,2,5.0
HSCT,366,3,3,3,0,0,1.0296864562194925,2,2,2,0,0,
CMGMF,366,5,6,4,1,2,1.0114025689196595,3,5,3,0,2,5.5
KTEL,366,12,13,7,5,6,1.0388306291921847,3,4,3,0,1,3.3333333333333335
NIKA,366,9,9,8,1,1,1.0,3,5,3,0,2,1.0
ATRO,366,13,14,6,7,8,1.0231553543207208,10,16,6,4,10,2.875
EVTL,366,15,15,5,10,10,1.0486473025450849,8,9,8,0,1,1.1
FMS,366,1,0,0,1,0,,2,0,0,2,0,
NIPG,366,13,13,3,10,10,1.019392580605657,2,3,2,0,1,8.0
OMTK,366,12,12,9,3,3,1.0222222172551687,1,2,1,0,1,13.0
MSB,366,11,8,4,7,4,1.020866806156511,9,8,5,4,3,5.75
PREJF,366,0,0,0,0,0,,0,0,0,0,0,
GMBLP,366,18,19,12,6,7,1.0888648438606223,4,5,3,1,2,4.142857142857143
BIO-B,366,0,0,0,0,0,,0,0,0,0,0,
EXOD,366,16,16,12,4,4,1.0730192439104496,6,8,5,1,3,6.75
CYH,366,12,11,8,4,3,1.0306622246223331,6,8,4,2,4,1.0
ASTE,366,9,5,3,6,2,1.0054521567427281,8,6,5,3,1,1.5
PODD,366,5,3,1,4,2,1.0134203174669238,4,3,2,2,1,1.0
CYRX,366,19,17,6,13,11,1.0243968255534075,10,15,8,2,7,2.3636363636363638
OUT,366,1,1,1,0,0,1.0065867483818947,2,2,1,1,1,
LH,366,2,0,0,2,0,,2,0,0,2,0,
HVII,271,0,0,0,0,0,,0,0,0,0,0,
GLXY,202,8,8,4,4,4,1.037806791976655,5,6,3,2,3,1.5
GDS,366,15,14,10,5,4,1.0379292269546974,8,11,3,5,8,1.5
BCAT,366,0,0,0,0,0,,0,0,0,0,0,
JENA,158,0,0,0,0,0,,0,0,0,0,0,
CCNE,366,3,2,1,2,1,1.0013675526676016,3,2,2,1,0,1.0
ICHR,366,17,16,6,11,10,1.018899988098972,14,16,6,8,10,3.0
AILLI,366,0,0,0,0,0,,0,0,0,0,0,
SEAL-PB,366,0,0,0,0,0,,0,0,0,0,0,
ELBM,366,15,12,5,10,7,1.083901420947265,5,6,4,1,2,1.8571428571428572
TDS-PU,366,0,0,0,0,0,,0,0,0,0,0,
BIOA,361,13,10,7,6,3,1.0265588434726363,11,11,5,6,6,1.0
LOPE,366,5,3,0,5,3,,5,2,2,3,0,1.0
BTDPY,366,2,1,1,1,0,1.003819724228573,2,0,0,2,0,
DFIN,366,8,7,2,6,5,1.0176281303005972,3,4,2,1,2,1.0
RLFTF,366,17,16,12,5,4,1.024185155666283,5,6,5,0,1,2.75
FULO,366,9,8,2,7,6,1.0102564314178233,5,5,4,1,1,5.5
CGDXF,366,9,10,5,4,5,1.0,7,8,6,1,2,2.4
JJETF,366,1,1,1,0,0,1.0,0,0,0,0,0,
THSGF,366,14,16,7,7,9,1.0322098160106965,14,16,5,9,11,6.666666666666667
PNRG,366,11,10,5,6,5,1.022300424763441,5,9,3,2,6,3.6
ETON,366,15,11,3,12,8,1.0308846435029968,12,10,7,5,3,1.5
AGNPF,366,21,21,16,5,5,1.0107424064823458,8,11,7,1,4,3.6
CBIH,366,14,17,8,6,9,1.0113636435794622,3,5,3,0,2,15.333333333333334
RGNX,366,17,16,10,7,6,1.0358639380122976,12,13,5,7,8,2.0
PRT,366,8,3,1,7,2,1.0135440056669354,5,1,1,4,0,1.0
NODK,366,0,0,0,0,0,,0,0,0,0,0,
FISK,366,3,2,2,1,0,1.0,0,0,0,0,0,
NIMUD,366,14,13,11,3,2,1.0055944087579316,8,9,8,0,1,6.5
KACLF,366,1,1,1,0,0,1.0,0,0,0,0,0,
COIN,366,16,14,10,6,4,1.0212333434219893,10,9,8,2,1,5.25
ADP,366,0,0,0,0,0,,0,0,0,0,0,
HBB,366,10,7,2,8,5,1.0286068511346222,4,4,1,3,3,2.0
BHF,366,7,6,2,5,4,1.0364798554978436,1,3,1,0,2,2.0
NSC,366,0,0,0,0,0,,0,0,0,0,0,
CPK,366,0,0,0,0,0,,0,0,0,0,0,
ARDC,366,1,1,1,0,0,1.0014055135915014,3,3,1,2,2,
BML-PH,366,0,0,0,0,0,,0,0,0,0,0,
CNH,366,7,5,4,3,1,1.0136966464982693,5,7,3,2,4,2.0
PTFRF,366,0,0,0,0,0,,0,0,0,0,0,
KOD,366,13,13,5,8,8,1.0488394722115602,7,9,4,3,5,3.25
MSGM,366,16,13,6,10,7,1.0787225760098775,9,11,6,3,5,3.2857142857142856
TH,366,12,10,5,7,5,1.0201252941942065,6,5,1,5,4,2.8
NMKBP,366,1,1,1,0,0,1.0,0,0,0,0,0,
ASCBF,366,0,0,0,0,0,,0,0,0,0,0,
CNEY,366,15,11,6,9,5,1.2308430267498556,1,4,0,1,4,3.2
FGCO,366,13,13,10,3,3,1.0098901134889895,3,5,3,0,2,2.0
PUSA,267,10,10,5,5,5,1.0824770484175685,4,8,2,2,6,1.2
HGV,366,4,5,2,2,3,1.0083427112911432,4,4,2,2,2,4.0
BGSF,366,10,8,3,7,5,1.0947616558615418,9,7,2,7,5,8.6
TTEC,366,16,12,7,9,5,1.0259509974445198,5,5,3,2,2,3.4
RVSB,366,1,0,0,1,0,,1,0,0,1,0,
LTCN,366,15,14,7,8,7,1.046695789184445,3,4,2,1,2,4.571428571428571
ABLV,366,18,13,7,11,6,1.1619710509746504,5,6,4,1,2,2.6666666666666665
PALL,366,5,4,2,3,2,1.0030889000391876,5,3,2,3,1,1.5
MPT,366,9,3,2,7,1,1.0412740312316275,5,2,1,4,1,2.0
ELEEF,366,0,0,0,0,0,,0,0,0,0,0,
WSBK,212,1,1,0,1,1,,0,0,0,0,0,1.0
GDSRF,366,11,11,10,1,1,1.0,7,7,7,0,0,3.0
BBXIA,366,6,8,6,0,2,1.0067978490785676,5,5,4,1,1,18.5
TACT,366,6,3,2,4,1,1.033836489378592,3,1,0,3,1,3.0
JWSMF,366,0,0,0,0,0,,0,0,0,0,0,
VMC,366,1,0,0,1,0,,2,0,0,2,0,
MLAB,366,12,8,6,6,2,1.0171453567808153,5,10,3,2,7,1.5
MLTX,366,15,13,5,10,8,1.0239390075430355,8,12,5,3,7,3.25
COF-PK,366,0,0,0,0,0,,0,0,0,0,0,
MDBH,366,11,9,5,6,4,1.0608987619145893,4,3,2,2,1,2.75
AIRO,183,5,5,3,2,2,1.016771896565416,1,1,1,0,0,1.5
FMHS,366,11,10,7,4,3,1.0,5,5,4,1,1,3.0
GPMTF,366,5,5,5,0,0,1.0,3,3,3,0,0,
CBSH,366,2,0,0,2,0,,3,0,0,3,0,
ACTG,366,5,3,1,4,2,1.0070922481496634,4,3,1,3,2,1.0
OCEA,366,16,16,7,9,9,1.4317293457522131,0,3,0,0,3,4.555555555555555
TYOYF,366,1,1,1,0,0,1.0,0,0,0,0,0,
BKNG,366,1,0,0,1,0,,2,0,0,2,0,
GUTS,366,17,18,7,10,11,1.038804596514493,8,12,7,1,5,5.181818181818182
CMRE,366,3,4,2,1,2,1.0071529566698922,4,6,3,1,3,9.5
TNDM,366,13,13,4,9,9,1.018498962599693,8,12,7,1,5,5.666666666666667
AAGH,366,13,10,8,5,2,1.031250011368684,4,4,4,0,0,4.5
PRH,366,0,0,0,0,0,,0,0,0,0,0,
HCTI,366,18,14,8,10,6,1.2031064132886211,4,5,3,1,2,3.3333333333333335
HYPR,366,17,15,12,5,3,1.0513010392466169,11,12,7,4,5,1.6666666666666667
PRLD,366,18,15,8,10,7,1.0416169866377187,10,11,4,6,7,2.142857142857143
III,366,7,5,1,6,4,1.0158730008554686,4,5,1,3,4,1.75
ABBV,366,2,1,1,1,0,1.0169226089648362,3,1,0,3,1,
PATK,366,5,6,1,4,5,1.011117364839198,6,7,3,3,4,14.6
YPF,366,14,9,3,11,6,1.048658396453144,9,10,8,1,2,1.3333333333333333
KYOCF,366,5,5,4,1,1,1.0208333053499334,3,5,3,0,2,2.0
SFBS,366,3,2,0,3,2,,1,1,1,0,0,1.5
VIVO,366,17,18,8,9,10,1.0904458399354722,6,9,4,2,5,3.9
GGZ,366,0,0,0,0,0,,0,0,0,0,0,
TEM,366,17,15,4,13,11,1.0366439770878968,11,14,7,4,7,2.909090909090909
GLGI,366,12,10,4,8,6,1.014999338096107,5,3,1,4,2,4.166666666666667
NIU,366,16,11,7,9,4,1.0370638101248775,9,7,6,3,1,3.0
NIO,366,14,11,5,9,6,1.0322443572347013,7,7,5,2,2,1.5
KLYG,366,10,13,7,3,6,1.0814354628435696,5,7,4,1,3,7.333333333333333
NTTYY,366,1,0,0,1,0,,1,0,0,1,0,
LEU,366,13,17,4,9,13,1.0443867396314084,8,14,6,2,8,4.769230769230769
MDT,366,0,0,0,0,0,,0,0,0,0,0,
MAPS,366,15,12,7,8,5,1.0124878216268505,3,4,1,2,3,4.2
LIVE,366,15,10,3,12,7,1.1164272848850814,3,6,1,2,5,2.4285714285714284
NVO,366,8,9,5,3,4,1.0137792951757325,3,4,1,2,3,4.5
WGO,366,10,6,6,4,0,1.026070363415463,8,6,3,5,3,
LEEEF,366,17,20,8,9,12,1.0709563612074209,7,13,3,4,10,6.5
AMPH,366,8,5,3,5,2,1.015826936618612,2,3,1,1,2,1.0
FVCB,366,1,0,0,1,0,,1,0,0,1,0,
ADAPY,366,16,15,4,12,11,1.1454698696436987,2,3,1,1,2,3.4545454545454546
INLF,294,11,11,10,1,1,1.12022103353667,2,2,2,0,0,1.0
FIVN,366,10,10,4,6,6,1.031004156559561,2,2,1,1,1,9.666666666666666
HLI,366,2,3,0,2,3,,1,3,1,0,2,9.0
FMCC,366,14,15,3,11,12,1.0225431444529007,9,13,4,5,9,2.9166666666666665
RHLD,260,12,9,3,9,6,1.0437908152457398,8,7,4,4,3,2.0
RMR,366,1,0,0,1,0,,0,0,0,0,0,
GLO,366,0,0,0,0,0,,0,0,0,0,0,
DCOM-P,366,0,0,0,0,0,,0,0,0,0,0,
AMKR,366,11,11,8,3,3,1.0178428171573537,9,10,7,2,3,4.0
MXCT,366,9,9,6,3,3,1.0303468234453799,5,3,3,2,0,4.0
GLXZ,366,0,0,0,0,0,,0,0,0,0,0,
CLPS,366,10,7,6,4,1,1.0421995572530938,6,2,2,4,0,2.0
SDMHF,366,2,2,2,0,0,1.0,2,2,2,0,0,
TSQ,366,5,6,3,2,3,1.0335610746617812,4,6,2,2,4,10.0
UE,366,1,1,1,0,0,1.003089570839684,2,2,2,0,0,
BDL,366,4,4,2,2,2,1.0,2,4,2,0,2,2.0
FXF,366,0,0,0,0,0,,0,0,0,0,0,
SABA,366,0,0,0,0,0,,0,0,0,0,0,
FMFG,366,2,2,2,0,0,1.1338371455351628,1,2,1,0,1,
AMRC,366,15,12,5,10,7,1.0184697558872218,10,10,5,5,5,2.142857142857143
FMCCJ,366,7,4,1,6,3,1.0371921989941109,4,5,3,1,2,2.6666666666666665
TWST,366,14,13,10,4,3,1.0255132809581906,10,10,4,6,6,11.666666666666666
LU,366,11,10,7,4,3,1.025162204318693,9,9,7,2,2,1.0
CVVUF,366,14,14,8,6,6,1.0292847677106287,8,10,6,2,4,2.5
CNTHP,366,1,1,1,0,0,1.0888888888888888,0,0,0,0,0,
CATO,366,13,12,8,5,4,1.0250623230369595,6,6,6,0,0,1.5
PHNMF,366,18,17,10,8,7,1.0602310075085053,7,11,5,2,6,3.7142857142857144
PC,362,15,13,5,10,8,1.0323586271901752,8,7,2,6,5,3.5
QCOM,366,4,3,2,2,1,1.052794446397469,2,2,2,0,0,1.0
AGIO,366,9,9,6,3,3,1.0217334084065894,6,6,4,2,2,3.0
RLBY,366,16,15,13,3,2,1.0217597132110976,7,8,7,0,1,2.0
DGNX,282,10,11,6,4,5,1.1271047436036652,4,8,4,0,4,11.4
SPOK,366,2,2,1,1,1,1.0011736237875912,2,2,2,0,0,1.0
TPCS,366,13,11,3,10,8,1.0323731999307526,8,9,5,3,4,1.625
KMRK,162,5,5,2,3,3,1.0619691275066958,5,4,4,1,0,4.666666666666667
SLB,366,2,1,1,1,0,1.0219236290740015,2,1,1,1,0,
KBDC,366,0,0,0,0,0,,0,0,0,0,0,
JXN-PA,366,0,0,0,0,0,,0,0,0,0,0,
BTC,366,7,4,3,4,1,1.005003307794629,4,2,2,2,0,1.0
CNOBP,366,0,0,0,0,0,,0,0,0,0,0,
MAGE,366,18,14,7,11,7,1.0,8,11,6,2,5,3.857142857142857
NASC,366,17,17,12,5,5,1.036889358608939,9,12,6,3,6,3.2
CVX,366,1,1,0,1,1,,2,2,2,0,0,4.0
UPC,366,18,14,10,8,4,1.3392021617385736,4,6,3,1,3,2.5
CLDI,366,12,13,3,9,10,1.0637198711431068,3,5,3,0,2,9.7
REEAF,366,16,13,7,9,6,1.0991741355795421,6,5,2,4,3,2.6666666666666665
PAC,366,1,2,1,0,1,1.0,0,1,0,0,1,39.0
CAPNU,365,0,0,0,0,0,,0,0,0,0,0,
SVM,366,9,5,3,6,2,1.035284409796321,9,7,3,6,4,1.0
LGCL,366,17,19,11,6,8,1.064083693601868,3,9,2,1,7,4.375
FPRGF,366,17,16,8,9,8,1.0,7,8,6,1,2,3.875
PBI,366,8,5,3,5,2,1.006480076698388,5,4,3,2,1,1.0
EAF,366,19,14,5,14,9,1.0419722704124612,10,11,4,6,7,2.0
FNMAT,366,9,6,3,6,3,1.0311282932264982,6,3,2,4,1,1.6666666666666667
RNGE,366,19,17,3,16,14,1.0444444231275056,5,5,3,2,2,3.9285714285714284
IVFH,366,13,13,5,8,8,1.060792661492502,4,6,0,4,6,4.125
LGHL,366,20,17,14,6,3,1.1804996615170142,1,4,1,0,3,3.0
HOG,366,3,2,0,3,2,,2,2,0,2,2,1.5
CHUC,366,16,16,7,9,9,1.0238515878379453,8,11,5,3,6,6.777777777777778
BOSC,366,8,6,1,7,5,1.0370369411027254,3,5,1,2,4,11.2
PDSB,366,19,17,5,14,12,1.0773432195957426,3,8,1,2,7,3.3333333333333335
MSBB,366,1,0,0,1,0,,0,0,0,0,0,
PLMK,275,0,0,0,0,0,,0,0,0,0,0,
BHFAL,366,0,0,0,0,0,,0,0,0,0,0,
GLW,366,4,4,3,1,1,1.0069328246802909,5,4,4,1,0,1.0
RKLB,366,19,14,7,12,7,1.0509126051773185,15,11,6,9,5,2.857142857142857
BIRK,366,3,1,0,3,1,,0,1,0,0,1,37.0
MBGCF,366,0,0,0,0,0,,0,0,0,0,0,
WVVI,366,6,3,0,6,3,,1,0,0,1,0,4.0
CIMN,366,0,0,0,0,0,,0,0,0,0,0,
APVO,366,18,17,9,9,8,1.3668664868627327,0,1,0,0,1,3.5
FCBC,366,5,2,1,4,1,1.0006123449330286,3,0,0,3,0,1.0
PETV,366,14,11,4,10,7,1.0549735069400041,8,10,5,3,5,7.142857142857143
HNDAF,366,9,7,3,6,4,1.0060386416049578,4,6,4,0,2,2.5
VTTGF,366,1,1,1,0,0,1.0,0,0,0,0,0,
CWD,366,15,15,4,11,11,2.475502223186242,4,4,1,3,3,5.2727272727272725
WXM,234,11,10,2,9,8,1.2235138147973244,2,4,2,0,2,2.75
SRAD,366,7,4,2,5,2,1.0161741101502937,4,3,1,3,2,3.5
BCSF,366,1,1,0,1,1,,0,0,0,0,0,1.0
RSRV,366,1,1,1,0,0,1.0,2,2,1,1,1,
SENEM,366,1,1,1,0,0,1.0,2,2,2,0,0,
ANGO,366,15,11,7,8,4,1.0251607547969923,9,11,5,4,6,1.5
ALF,366,0,0,0,0,0,,0,0,0,0,0,
BULL,366,10,9,4,6,5,1.0926462099199263,3,3,1,2,2,1.0
FF,366,5,2,2,3,0,1.0433013405329497,2,1,0,2,1,
REECF,366,1,1,1,0,0,1.0,0,0,0,0,0,
AGRO,366,3,3,1,2,2,1.0109408560217905,3,3,1,2,2,2.5
PLMKU,286,0,0,0,0,0,,0,0,0,0,0,
ADMQ,366,14,16,5,9,11,1.0018518417593305,4,6,4,0,2,5.454545454545454
AMGN,366,2,1,1,1,0,1.0091305989665793,4,1,1,3,0,
WIT,366,3,2,2,1,0,1.0068092246224016,0,0,0,0,0,
UTG,366,1,0,0,1,0,,2,0,0,2,0,
LOMLF,366,13,9,3,10,6,1.0579709797515466,5,6,3,2,3,1.1666666666666667
HGBL,366,4,3,1,3,2,1.0127119538736808,1,1,1,0,0,42.0
ESLA,366,16,12,3,13,9,1.0369963815176606,10,12,5,5,7,1.6666666666666667
EIX,366,2,1,1,1,0,1.0034556372090977,0,0,0,0,0,
TAIT,366,5,5,4,1,1,1.1302242162185991,3,3,1,2,2,1.0
HZO,366,15,15,9,6,6,1.0227510871259966,8,11,5,3,6,8.333333333333334
RBGLY,366,1,1,1,0,0,1.0011247778201753,0,0,0,0,0,
NAGE,366,10,7,4,6,3,1.0375627523549324,5,7,2,3,5,3.3333333333333335
UNBLF,366,0,0,0,0,0,,0,0,0,0,0,
GE,366,2,1,0,2,1,,4,1,0,4,1,1.0
SCCF,366,0,0,0,0,0,,0,0,0,0,0,
LNTO,366,13,14,10,3,4,1.0180627701910085,7,8,7,0,1,6.0
ISOU,366,12,12,6,6,6,1.0379999903475874,10,14,5,5,9,1.0
FMCCS,366,8,5,2,6,3,1.0118778300069087,6,7,3,3,4,3.3333333333333335
BLW,366,0,0,0,0,0,,0,0,0,0,0,
IXQUF,366,0,0,0,0,0,,0,0,0,0,0,
VYX,366,7,3,0,7,3,,7,3,2,5,1,2.0
BIDU,366,11,9,6,5,3,1.0169876641987756,10,9,6,4,3,3.6666666666666665
DGX,366,0,0,0,0,0,,0,0,0,0,0,
MOB,366,14,16,8,6,8,1.0520072319561868,9,13,4,5,9,6.875
LICN,366,22,16,4,18,12,1.1058693413417218,5,7,4,1,3,2.75
BGC,366,5,2,1,4,1,1.0261096776945948,3,1,1,2,0,1.0
ARRY,366,15,17,5,10,12,1.026684129322788,10,10,7,3,3,3.5833333333333335
BH,366,7,5,2,5,3,1.0159410988158757,7,5,2,5,3,6.666666666666667
BORR,366,12,9,6,6,3,1.0298140382638699,13,13,6,7,7,8.333333333333334
BKSY,366,16,17,7,9,10,1.0570089059749104,12,14,6,6,8,3.3
SNTW,366,8,8,8,0,0,1.0393106529012734,4,5,4,0,1,
IMUX,366,15,14,8,7,6,1.0428258636046075,6,9,2,4,7,4.166666666666667
PCOR,366,5,4,2,3,2,1.0092139399789657,4,3,2,2,1,1.0
ATHS,366,0,0,0,0,0,,0,0,0,0,0,
AMEGF,366,14,16,8,6,8,1.0256916716889057,9,13,9,0,4,2.75
AGLY,366,1,1,1,0,0,2.0,0,0,0,0,0,
LMB,366,10,11,2,8,9,1.0262138330728157,4,6,1,3,5,3.111111111111111
IRT,366,1,1,1,0,0,1.008419097859746,0,0,0,0,0,
GRWTF,366,0,0,0,0,0,,0,0,0,0,0,
NIQ,157,2,2,2,0,0,1.01746951827279,0,0,0,0,0,
SOAR,366,20,14,9,11,5,1.1565354095843325,5,6,1,4,5,2.6
BELFB,366,7,5,2,5,3,1.0082193957278571,8,4,3,5,1,1.0
CIEN,366,9,7,4,5,3,1.013949474761818,10,7,4,6,3,1.3333333333333333
NAMS,366,13,12,5,8,7,1.0220709264792618,7,8,4,3,4,4.857142857142857
NXDR,366,10,9,6,4,3,1.079445610693681,4,5,1,3,4,6.0
YTRA,366,10,8,4,6,4,1.0490039375814855,8,7,4,4,3,7.75
CGC,366,19,16,8,11,8,1.041769804283837,9,9,5,4,4,1.0
FNUC,366,18,16,9,9,7,1.1062963567183575,9,8,5,4,3,5.428571428571429
IPTNF,366,12,10,9,3,1,1.0491838807817757,2,3,2,0,1,5.0
VECO,366,12,8,4,8,4,1.0199967669181977,9,7,3,6,4,1.25
BLNC,366,4,3,2,2,1,1.028571435383388,2,1,1,1,0,1.0
JUVF,366,0,0,0,0,0,,0,0,0,0,0,
AVAT,274,0,0,0,0,0,,0,0,0,0,0,
ADC-PA,366,0,0,0,0,0,,0,0,0,0,0,
FERA,221,0,0,0,0,0,,0,0,0,0,0,
KREF,366,2,2,1,1,1,1.0105170803824595,0,0,0,0,0,1.0
BRSYF,366,4,4,4,0,0,1.0,4,4,4,0,0,
HPP-PC,366,4,2,0,4,2,,4,2,1,3,1,3.0
UNIB,366,1,1,1,0,0,1.0,0,0,0,0,0,
KR,366,0,0,0,0,0,,0,0,0,0,0,
PCTTU,366,9,11,4,5,7,1.029307991368772,4,6,3,1,3,5.571428571428571
MDWD,366,8,5,1,7,4,1.0052381243024553,5,5,3,2,2,2.25
EVOH,366,0,0,0,0,0,,0,0,0,0,0,
OWLT,366,15,16,6,9,10,1.0393151617328056,8,12,6,2,6,4.6
NICH,365,8,8,7,1,1,1.0717355902746541,4,3,3,1,0,2.0
AMJB,366,1,1,1,0,0,1.0029108754614677,2,1,1,1,0,
GTCH,366,3,6,2,1,4,1.2352941554115449,1,2,1,0,1,60.5
REOS,366,19,17,13,6,4,1.0030402940572265,6,8,6,0,2,2.75
STQN,366,3,3,2,1,1,1.0,3,3,3,0,0,6.0
DAIC,178,6,7,4,2,3,1.0791662720326956,0,0,0,0,0,11.333333333333334
GRAB,366,8,5,3,5,2,1.0121042420331705,4,3,2,2,1,1.0
HCWB,366,14,11,7,7,4,1.3863957184992473,3,3,3,0,0,2.5
DAC,366,1,1,1,0,0,1.0015537813512316,1,1,1,0,0,
PKG,366,0,0,0,0,0,,0,0,0,0,0,
PSN,366,4,4,2,2,2,1.0206832927023086,0,0,0,0,0,3.5
TDW,366,11,11,5,6,6,1.0255492292269697,8,10,5,3,5,1.6666666666666667
NYT,366,2,2,1,1,1,1.0046133511718316,3,3,2,1,1,1.0
MS-PA,366,0,0,0,0,0,,0,0,0,0,0,
UNTY,366,4,3,0,4,3,,6,3,2,4,1,1.0
KAVL,365,14,15,4,10,11,1.1956201175273027,4,7,2,2,5,6.181818181818182
VBIO,366,13,11,8,5,3,1.324255424233347,4,4,4,0,0,2.6666666666666665
AZZTF,366,17,20,6,11,14,1.0463539106138697,14,16,8,6,8,3.5
ARTNB,366,0,0,0,0,0,,0,0,0,0,0,
IMMR,366,5,3,3,2,0,1.0151144907192646,2,2,1,1,1,
DRIO,366,15,16,4,11,12,1.021592882475104,7,12,6,1,6,7.833333333333333
SGHT,366,18,16,7,11,9,1.0241114969286105,14,13,9,5,4,1.6666666666666667
KFY,366,0,0,0,0,0,,0,0,0,0,0,
APD,366,1,1,0,1,1,,2,3,2,0,1,4.0
JBLU,366,16,13,6,10,7,1.0273652297579112,10,12,4,6,8,4.0
ZTO,366,3,2,1,2,1,1.011488970467389,3,1,1,2,0,1.0
ARDT,366,7,5,1,6,4,1.0012978882518957,6,3,1,5,2,8.5
KMB,366,1,1,0,1,1,,0,0,0,0,0,9.0
SBUX,366,3,2,0,3,2,,0,1,0,0,1,2.5
AAON,366,14,12,7,7,5,1.009266933347377,7,7,5,2,2,6.4
VIVC,366,12,13,7,5,6,1.0187399897905505,2,6,2,0,4,3.1666666666666665
SAJ,366,0,0,0,0,0,,0,0,0,0,0,
ZSL,366,13,11,8,5,3,1.016651682400788,3,2,2,1,0,8.666666666666666
CHRD,366,3,1,1,2,0,1.0148663127803432,5,2,2,3,0,
OST,366,11,9,4,7,5,1.1363607543659238,8,7,3,5,4,3.2
OCCIN,366,0,0,0,0,0,,0,0,0,0,0,
PAYC,366,5,5,2,3,3,1.0067494668734,3,3,1,2,2,19.333333333333332
ZION,366,3,2,0,3,2,,5,2,0,5,2,3.0
GTBIF,366,11,10,4,7,6,1.0283835028189299,4,3,1,3,2,2.8333333333333335
CHCI,366,13,12,6,7,6,1.0551409526204811,6,6,3,3,3,1.1666666666666667
NEXCF,366,20,18,8,12,10,1.125938721208652,7,11,4,3,7,3.0
INCR,366,7,7,2,5,5,1.0,1,3,1,0,2,6.8
BSIN,366,14,7,5,9,2,1.2076436573227487,7,5,3,4,2,2.5
ABPO,366,16,13,6,10,7,1.0778368120032706,2,4,1,1,3,2.7142857142857144
HYSR,366,12,13,6,6,7,1.0396897227458537,3,7,2,1,5,5.857142857142857
CWBHF,366,14,14,1,13,13,1.0800000429153442,6,6,3,3,3,3.923076923076923
PAX,366,3,2,2,1,0,1.0110334113073876,3,2,1,2,1,
ENGN,366,16,16,5,11,11,1.0714670019510435,7,16,6,1,10,5.090909090909091
VRME,366,17,13,9,8,4,1.0420064775618154,6,7,5,1,2,3.25
AUC,366,19,15,6,13,9,1.1985160050965125,2,3,1,1,2,2.888888888888889
HXL,366,2,2,0,2,2,,4,3,3,1,0,1.5
SRGZ,366,11,11,6,5,5,1.0325000024317867,7,12,5,2,7,20.0
ALTX,366,15,14,11,4,3,1.0396903099097308,9,8,6,3,2,6.666666666666667
ADIL,366,12,13,7,5,6,1.0968359046616258,1,4,0,1,4,8.833333333333334
PRCH,366,18,18,8,10,10,1.025368922899785,10,11,6,4,5,3.7
OPAD,366,15,14,6,9,8,1.1429625973447048,10,9,5,5,4,1.25
PCG-PG,188,1,0,0,1,0,,0,0,0,0,0,
MITT-PC,366,1,1,0,1,1,,2,3,2,0,1,1.0
DUO,366,17,15,10,7,5,1.1986895866764495,4,4,3,1,1,3.6
BKPKF,366,3,4,3,0,1,1.0,2,3,2,0,1,7.0
EBRZF,366,0,0,0,0,0,,0,0,0,0,0,
DKNG,366,12,8,4,8,4,1.0098748211059894,7,8,3,4,5,5.75
APH,366,4,3,3,1,0,1.0062460653183278,2,1,1,1,0,
GRDN,361,12,9,3,9,6,1.0253814440081166,9,11,6,3,5,2.3333333333333335
KMI,366,1,1,0,1,1,,2,2,1,1,1,6.0
GSKRF,366,15,10,5,10,5,1.0435183806351034,13,11,5,8,6,2.4
KSPI,366,3,1,1,2,0,1.015249185116473,0,0,0,0,0,
PLCKF,366,19,14,5,14,9,1.046501617729391,1,4,1,0,3,7.111111111111111
APLM,366,21,22,10,11,12,1.1672199776711372,9,11,6,3,5,3.4166666666666665
AGNCO,366,0,0,0,0,0,,0,0,0,0,0,
CPIVF,366,20,19,15,5,4,1.3333333581686024,8,10,8,0,2,5.0
SKY,366,9,10,1,8,9,1.0107284703473653,4,4,2,2,2,5.333333333333333
SUGRF,366,2,2,2,0,0,1.0,1,1,1,0,0,
FFLO,366,0,0,0,0,0,,0,0,0,0,0,
MTRN,366,7,5,2,5,3,1.018426771032459,7,6,1,6,5,2.3333333333333335
ADSK,366,1,1,1,0,0,1.0070133057494046,0,0,0,0,0,
CNA,366,0,0,0,0,0,,0,0,0,0,0,
HWCPZ,366,0,0,0,0,0,,0,0,0,0,0,
VIOT,366,17,18,5,12,13,1.0307417739264377,7,8,6,1,2,3.6923076923076925
OPY,366,3,3,3,0,0,1.0171684749413503,3,2,1,2,1,
ATH-PE,366,0,0,0,0,0,,0,0,0,0,0,
GNRC,366,11,9,7,4,2,1.0120742180894478,9,8,5,4,3,2.5
AWP,366,0,0,0,0,0,,0,0,0,0,0,
CNDHF,366,0,0,0,0,0,,0,0,0,0,0,
OSBK,366,0,0,0,0,0,,0,0,0,0,0,
TFIN-P,366,0,0,0,0,0,,0,0,0,0,0,
PLD,366,1,1,0,1,1,,2,2,1,1,1,1.0
HOOD,366,10,9,2,8,7,1.0241451744304935,9,6,1,8,5,5.0
CNTM,366,13,19,7,6,12,1.0726083744555786,5,7,4,1,3,6.5
ELCPF,366,1,1,1,0,0,1.0,1,1,1,0,0,
BHE,366,5,2,0,5,2,,5,3,1,4,2,1.5
LARAX,366,0,0,0,0,0,,0,0,0,0,0,
SLSR,366,15,13,2,13,11,1.0108695546541866,14,13,7,7,6,1.6363636363636365
KRNGF,366,7,7,6,1,1,1.0,6,6,6,0,0,3.0
YIBO,366,15,17,4,11,13,1.072593714726278,2,8,2,0,6,4.846153846153846
MFON,366,16,13,10,6,3,1.0166666600439287,5,6,5,0,1,3.0
FTHY,366,0,0,0,0,0,,0,0,0,0,0,
COF,366,4,3,1,3,2,1.03838300143583,4,5,0,4,5,1.0
LSTR,366,2,2,0,2,2,,1,4,0,1,4,1.5
EFC,366,0,0,0,0,0,,0,0,0,0,0,
AUB-PA,366,0,0,0,0,0,,0,0,0,0,0,
AHG,366,18,17,6,12,11,1.0444763069238678,5,13,5,0,8,4.545454545454546
KIDZ,230,8,9,5,3,4,1.341877626714156,0,0,0,0,0,8.25
CNBX,366,14,17,5,9,12,1.0440816320065789,2,8,1,1,7,5.0
OTLY,366,17,16,10,7,6,1.0311777530854678,7,15,5,2,10,4.166666666666667
AOS,366,0,0,0,0,0,,0,0,0,0,0,
GFF,366,3,2,1,2,1,1.0184358810158527,3,2,1,2,1,1.0
CPSH,366,17,12,7,10,5,1.0341191073112646,12,10,4,8,6,1.0
IBKR,366,4,3,1,3,2,1.0038515326058508,5,6,4,1,2,1.0
ISCO,366,20,18,10,10,8,1.025000004656613,8,9,7,1,2,5.375
