base_tr_med,base_burst_gain,dd_max_raw,dd_max_tr,dd_max_bg,dd_sum_bg,body_max_tr,body_max_bg,wick_max_tr,wick_max_bg,wick_close_frac,streak_max,streak_drop_bg,red_frac,n_red,ddown_peak,ddown_bo,ddown_bg,low_vs_start,n_below_start,below_start,vol_ratio,vol_red_ratio,revert_len,slope_dd,high_decay,gap_max_tr,close_pos_min,confirm_recover,trough_lag,burst_len,burst_slope,bo_close_pos,symbol,match_id,fr,fp
0.18550002574920654,0.1648350683851929,0.06467661484996651,0.7391611700671924,0.39237169301151203,0.352186674437401,0.7008091449899652,0.3720131438623412,0.3773580783079609,0.20031440239725495,0.33333314411216575,2,-0.6867925779243081,0.6666666666666666,2.0,-0.12149537239587593,-0.11320750154859627,0.6867925779243079,0.021978000384744734,0.0,0.0,0.08716035690880679,0.08989514543529768,3.0,-0.03773583384953209,-0.07009349907211726,0.05685849940464724,0.07142844978653039,0.09574465319386105,2.0,7.0,0.023547866912170416,0.9499994635583249,ADAG,bb_v1@292-306#burst:burst_292_298#0|tb:tb_302_306#0,0.6051933743987107,"{'up': 5, 'down': 0, 'both': 0, 'none': 0}"
1.164000153541565,1.2193876632498202,-0.029885084434708442,-0.11168393238212389,-0.024508271926469198,-0.024508271926469198,0.18041238010839647,0.03959025775945746,0.02577296307042124,0.005655699739507328,0.05172368434033681,1,-0.023797093769856396,0.0,0.0,-0.275080882926521,0.029885084434708498,-0.024508271926469198,1.112244788729516,0.0,0.0,0.06264646812688358,0.0,1.0,0.029885084434708498,-0.0518281167816117,-0.29209631249052037,0.5862072367447474,0.0,1.0,5.0,0.24387753264996404,0.5714285754168382,ADNH,bb_v1@223-229#burst:burst_223_227#0|tb:tb_229#0,0.3794642415239802,"{'up': 0, 'down': 1, 'both': 0, 'none': 0}"
0.9599995613098145,0.5963302203789704,0.08620686347740546,0.9375000310441,0.14456229205124072,0.14456229205124072,0.5625002173087,0.08673740586750076,0.0625004656615001,0.00963755762251415,0.06666709052164892,1,-0.14456229205124074,1.0,1.0,-0.3333333555479685,-0.08620686347740547,0.14456229205124072,0.41284400994096115,0.0,0.0,0.4922611488660257,0.4922611488660257,1.0,-0.08620686347740547,-0.2914046089458914,0.3749998137354,0.3333333333333333,0.11949689181144629,1.0,10.0,0.05963302203789704,0.5168538416167268,AIFA,bb_v1@151-164#burst:burst_151_160#0|tb:tb_162_164#0,1.1380952140136376,"{'up': 3, 'down': 0, 'both': 0, 'none': 0}"
0.2749999761581421,0.6465517427422351,-0.015706853991273754,-0.10909124799999305,-0.024293266807472985,-0.024293266807472985,0.0,0.0,0.36363604837209945,0.08097723424998426,0.5263154592539379,1,-0.023917596609702236,0.0,0.0,-0.029999971389770508,0.015706853991273695,-0.024293266807472985,0.5948276526508396,0.0,0.0,0.3022176698848815,0.0,1.0,0.015706853991273695,0.019999980926513672,0.0,0.47368454074606214,0.051546341073743784,1.0,5.0,0.12931034854844703,0.8714285325030918,ALTO,bb_v1@284-290#burst:burst_284_288#0|tb:tb_290#0,0.5588235912850996,"{'up': 1, 'down': 0, 'both': 0, 'none': 0}"
0.25999999046325684,0.6724138905545647,0.024509781005518688,0.18288068575866653,0.03645043826400517,-0.15047553959109292,0.3846150319251659,0.07665864997409805,0.19230751596258294,0.038329324987049024,0.26315756451730293,1,-0.13898874330049352,0.25,1.0,-0.024509781005518705,0.025773170536872003,-0.038329324987049024,0.612069016014638,0.0,0.0,0.2629088795896543,0.3294281855259213,4.0,0.006443292634218001,0.07352945988841086,0.1124854040754054,0.3500003874303296,0.08542717360766239,2.0,6.0,0.11206898175909412,0.8648649954813236,ALTO,bb_v1@284-297#burst:burst_284_289#0|tb:tb_294_297#0,0.4408842320037164,"{'up': 3, 'down': 0, 'both': 0, 'none': 1}"
0.19000005722045898,0.8448277297258135,0.027777860562003345,0.3128663506018132,0.03287991099797182,-0.006365250556112274,0.5263163838688547,0.05531191138035419,0.6842096677449876,0.07190531335867055,0.6875,1,-0.03287991099797186,0.3333333333333333,1.0,-0.041095959012037,-0.018691681453631315,0.022124843676352403,0.7758620707373558,0.0,0.0,0.385477698377756,0.3467560763594902,3.0,-0.006230560484543772,0.04109585014510864,-0.10726804595200963,0.0625,0.1666667423551078,2.0,10.0,0.08448277297258136,0.943820284918205,ALTO,bb_v1@284-301#burst:burst_284_293#0|tb:tb_297_301#0,0.25885804924875233,"{'up': 0, 'down': 0, 'both': 0, 'none': 5}"
1.1574997901916504,0.3571942592579094,0.08629445371829501,0.28128642165007395,0.24158969939096017,0.20593237835100822,0.35421159544592623,0.3042232624048571,0.1166306824478167,0.10017110441037588,0.6428569806676627,2,-0.3979122268190497,0.5,2.0,-0.20283011865598488,-0.10416111509879644,0.29160915216049915,0.20503594931975666,0.0,0.0,0.11491935483870969,0.06871997254632807,4.0,-0.02604027877469911,-0.12393676316198099,0.15845331355791156,0.14285811599402365,0.0887573793369254,3.0,3.0,0.1190647530859698,0.6435115461047947,AMBO,bb_v1@225-235#burst:burst_225_227#0|tb:tb_232_235#0,0.8639878836353432,"{'up': 4, 'down': 0, 'both': 0, 'none': 0}"
0.20000004768371582,0.3229572699160925,0.07222222148636238,1.2277775069814307,0.22362779294340215,-0.3392928755976226,1.1999997615814777,0.21856834539576994,0.3999995231629555,0.07285604275587848,0.2857140424299965,1,-0.28899584123394134,0.4,2.0,-0.06703911023782716,-0.01764711162210597,0.05464224919504334,0.28404670740686755,0.0,0.0,0.6997678680513134,0.5607819181429444,5.0,-0.0035294223244211943,0.04748605584269372,0.09941508673698093,0.1111111111111111,0.10179645548657201,4.0,6.0,0.05382621165268209,0.7931036183723736,ANIX,bb_v1@174-186#burst:burst_174_179#0|tb:tb_185_186#0,0.023346578880981905,"{'up': 0, 'down': 0, 'both': 0, 'none': 2}"
0.32000017166137695,0.4360190151820664,-0.11221119385468631,-1.0624991618101325,-0.257353899595023,-0.257353899595023,0.0,0.0,1.4062493946406511,0.3406155774253531,0.5357143972195849,1,-0.23138941688141915,0.0,0.0,-0.1575000286102295,0.11221119385468636,-0.257353899595023,0.41232235413838736,0.0,0.0,0.6100120849374271,0.0,1.0,0.11221119385468636,-0.04500001668930054,0.15624976716948125,0.46428560278041503,0.0029674270686739224,1.0,4.0,0.1090047537955166,0.4867725001214169,ANVS,bb_v1@288-293#burst:burst_288_291#0|tb:tb_293#0,0.6272188798164431,"{'up': 1, 'down': 0, 'both': 0, 'none': 0}"
0.35000014305114746,0.597156423273677,-0.0029674270686738916,-0.028572070841624053,-0.004969262580156353,-0.004969262580156353,0.37142806539750833,0.06459887338340342,0.5142856948229811,0.08944471238922236,0.4090910076109703,1,-0.004954560283856693,0.0,0.0,-0.1549999713897705,0.0029674270686739224,-0.004969262580156353,0.5402844367688473,0.0,0.0,0.22144175412500344,0.0,1.0,0.0029674270686739224,-0.034031381752402834,-0.4000001362391324,0.29545476712468316,0.14792898907422214,1.0,5.0,0.1194312846547354,0.6666666246175369,ANVS,bb_v1@288-296#burst:burst_288_292#0|tb:tb_294_296#0,0.40448543573305523,"{'up': 1, 'down': 2, 'both': 0, 'none': 0}"
0.4100000858306885,0.8388627049029822,0.023195914931270316,0.21951252133409704,0.027651622602477024,0.027651622602477024,0.29268316794259347,0.03686880571941606,0.21951193982548928,0.027651549350817095,0.16981116797669435,1,-0.027651622602476965,1.0,1.0,-0.052500009536743164,-0.023195914931270267,0.027651622602477024,0.6445498583556282,0.0,0.0,0.22799571963262938,0.22799571963262938,1.0,-0.023195914931270267,0.005025120811725348,-0.07317064660849643,0.6037734915413132,0.07915572394575587,1.0,7.0,0.1198375292718546,0.9365080005828009,ANVS,bb_v1@288-297#burst:burst_288_294#0|tb:tb_296_297#0,0.24291101182499208,"{'up': 0, 'down': 2, 'both': 0, 'none': 0}"
0.48500001430511475,0.9383887942810272,-0.17848410558410102,-1.5051546341073745,-0.19020272478941058,-0.19020272478941058,0.0,0.0,0.02061804484481286,0.002605452104686479,0.012194824105174034,1,-0.16139608832071517,0.0,0.0,0.07589289087954221,0.1784841055841011,-0.19020272478941058,0.9004741366111408,0.0,0.0,0.3241073832445267,0.0,1.0,0.1784841055841011,0.07812497838001176,0.02061902801418222,0.987805175894826,0.0207468674421436,1.0,9.0,0.1042654215867808,0.8354431029180521,ANVS,bb_v1@288-299#burst:burst_288_296#0|tb:tb_298_299#0,0.05894308076342014,"{'up': 0, 'down': 2, 'both': 0, 'none': 0}"
1.5299997329711914,0.8024690980101645,0.09348439840812034,0.44603676164358,0.11649594811803733,0.08542218355473988,0.45751629505566527,0.11949417437155449,0.6143792295930802,0.16046365907540971,0.6363638990838945,2,-0.15363542519126203,0.6666666666666666,2.0,-0.2408066591126915,-0.12328768107564014,0.15363542519126194,0.558024603854304,0.0,0.0,0.03247071770416564,0.04200719154417724,3.0,-0.04109589369188005,-0.1470937370184906,0.19607859025718669,0.0,0.19531249708961695,2.0,3.0,0.2674896993367215,0.7049608364843385,AQMS,bb_v1@253-260#burst:burst_253_255#0|tb:tb_259_260#0,4.393475541857084,"{'up': 2, 'down': 0, 'both': 0, 'none': 0}"
0.20250004529953003,0.31428576050972534,0.03804350607730891,0.3456791940394191,0.12104750153366137,0.12104750153366137,1.0864196513379254,0.38043476922863617,0.049382657907385885,0.017292470770164183,0.041666625274553885,1,-0.1210475015336613,1.0,1.0,-0.19545457156236445,-0.038043506077308886,0.12104750153366137,0.25714287173991335,0.0,0.0,0.4475838676877244,0.4475838676877244,1.0,-0.038043506077308886,-0.09090911061310525,-0.7407404572985061,0.041666625274553885,0.05084747703301673,1.0,3.0,0.10476192016990844,0.5384615737305549,ARBE,bb_v1@249-253#burst:burst_249_251#0|tb:tb_253#0,0.5483871463930441,"{'up': 1, 'down': 0, 'both': 0, 'none': 0}"
0.7300000190734863,0.578406092777431,-0.11237786192581796,-0.945205533139855,-0.19428886266773926,-0.19428886266773926,0.0,0.0,0.2054795773263284,0.042236732626355786,0.27624315699439916,1,-0.17466084980455676,0.0,0.0,0.057275523742135404,0.112377861925818,-0.19428886266773926,0.6547556874627931,0.0,0.0,0.24200626959247648,0.0,1.0,0.112377861925818,0.08049535260926621,-0.5342470316887677,0.7237568430056008,0.060029260906585336,1.0,2.0,0.2892030463887155,0.7419353970379958,AVAH,bb_v1@220-236#burst:burst_220_221#0|tb:tb_223_236#0,0.3307994255484171,"{'up': 14, 'down': 0, 'both': 0, 'none': 0}"
0.7850000858306885,0.7557839947344431,0.016666651213610204,0.14501046378477092,0.022052135702432148,-0.08593120182744628,0.24203826298872386,0.036807417073917686,0.4840765259774477,0.07361483414783537,0.7600002288818359,2,-0.02940284760324284,0.5,3.0,0.00859598031741915,0.0307467116387643,-0.04068187716725559,0.7534704152277023,0.0,0.0,0.27896669621375203,0.21491811236334474,6.0,0.00512445193979405,0.09025789580506949,0.09734967810403884,0.021053117662353047,0.02272725117600638,5.0,3.0,0.2519279982448144,0.9147726841702005,AVAH,bb_v1@220-229#burst:burst_220_222#0|tb:tb_229#0,0.39305555537159065,"{'up': 1, 'down': 0, 'both': 0, 'none': 0}"
0.937000036239624,0.6967743195802725,0.11726381202737107,0.3291396233979381,0.16829525533892986,-0.3258934081570441,0.949839989842402,0.4856709805139036,0.4375665224705049,0.22373596003635254,0.39189183529142646,2,-0.30455959465924753,0.5,2.0,-0.07191781940413644,0.030418220617857594,-0.04365577169402737,0.6129032754253041,0.0,0.0,0.2961184446138799,0.27613201173658775,4.0,0.0076045551544643986,0.07876712776165462,0.1097131351391051,0.15454532055814227,0.08118082122266679,3.0,3.0,0.2322581065267575,0.8040540823542868,BEAT,bb_v1@308-315#burst:burst_308_310#0|tb:tb_315#0,-0.018771353414361425,"{'up': 0, 'down': 1, 'both': 0, 'none': 0}"
1.4000000953674316,0.8666665818956163,0.08333331441122302,0.999999659402053,0.09615383372571289,0.09615383372571289,1.1428573374845412,0.1098901518290596,0.0,0.0,0.0,1,-0.09615383372571291,1.0,1.0,-0.11494253125558018,-0.08333331441122305,0.09615383372571289,0.5999999576144748,0.0,0.0,0.5448777425506461,0.5448777425506461,1.0,-0.08333331441122305,-0.02298848432756806,-0.14285767808248803,0.38461532818495997,0.1818182606342429,1.0,5.0,0.17333331637912325,0.9333332909478081,BGDE,bb_v1@255-261#burst:burst_255_259#0|tb:tb_261#0,1.1978021056708825,"{'up': 1, 'down': 0, 'both': 0, 'none': 0}"
0.38999998569488525,0.9313726131845477,0.08121831650102224,0.4102566453832227,0.08720281802502299,0.08720281802502299,0.30769233120498896,0.06540208103320347,0.051282309921545,0.010900400981473532,0.10526365322404564,1,-0.08720281802502293,1.0,1.0,-0.38013702209323663,-0.08121831650102218,0.08720281802502299,0.7254902189944814,0.0,0.0,0.00965542978970061,0.00965542978970061,1.0,-0.08121831650102218,-0.32989691059508375,0.10256431417823379,0.26315756451730293,0.05524863370343103,1.0,4.0,0.23284315329613692,0.5052083281593193,BRNS,bb_v1@204-209#burst:burst_204_207#0|tb:tb_209#0,0.015706853991273695,"{'up': 0, 'down': 1, 'both': 0, 'none': 0}"
0.4399999678134918,3.0122699269846755,0.2935779950295194,2.181818428118385,0.09746071970495523,0.08811940757544427,1.0000002031976676,0.04466950056554292,0.2272725271538123,0.010152148217336749,0.16304356840021147,1,-0.09746071970495523,0.5,1.0,-0.4564706016989315,-0.2935779950295194,0.09746071970495523,1.6993865694718466,0.0,0.0,0.4463313535678876,0.5262643583700795,2.0,-0.1467889975147597,-0.34235292322495403,1.1818182249207174,0.08695643159978854,0.10822511090592668,1.0,5.0,0.6024539853969351,0.712187950864066,BURU,bb_v1@259-266#burst:burst_259_263#0|tb:tb_266#1,-0.13476563918811768,"{'up': 0, 'down': 1, 'both': 0, 'none': 0}"
0.4099998474121094,0.3650793350442705,0.02713175787317314,0.17073160803505802,0.07431742985365927,0.07431742985365927,0.585366094772002,0.2548028697650164,0.14634137831576402,0.06370065416027937,0.1304346473996828,1,-0.07431742985365922,1.0,1.0,-0.027131757873173123,-0.027131757873173123,0.07431742985365927,0.24338620233828068,0.0,0.0,0.7666803953871499,0.7666803953871499,1.0,-0.027131757873173123,0.08914729685073075,-0.414634486736944,0.34782624470037005,0.01593623984263237,1.0,2.0,0.18253966752213524,1.0,BWEN,bb_v1@203-206#burst:burst_203_204#0|tb:tb_206#0,0.1882353051173511,"{'up': 0, 'down': 1, 'both': 0, 'none': 0}"
0.42699992656707764,0.30395137130541783,-0.0722610595655202,-0.7259953070058502,-0.2377388832140208,-0.2377388832140208,0.0,0.0,0.0,0.0,0.0,1,-0.22171735240516194,0.0,0.0,0.023359292935872134,0.0722610595655202,-0.2377388832140208,0.2857143064193297,0.0,0.0,0.15749614637088666,0.0,1.0,0.0722610595655202,0.04783600103274899,0.0702569979633913,1.0,0.01956525096821271,1.0,5.0,0.06079027426108356,0.8416988807949299,CALC,bb_v1@296-302#burst:burst_296_300#0|tb:tb_302#0,0.5351811772753443,"{'up': 1, 'down': 0, 'both': 0, 'none': 0}"
0.2799997329711914,0.5316901535558411,0.029885084434708442,0.4642865657814517,0.05620770712950534,0.05620770712950534,0.4642865657814517,0.05620770712950534,0.4642865657814517,0.05620770712950534,0.4642857751067348,1,-0.056207707129505236,1.0,1.0,-0.07252755751861084,-0.029885084434708387,0.05620770712950534,0.47887321697107144,0.0,0.0,0.1102823809385611,0.1102823809385611,1.0,-0.029885084434708387,-0.015384652467469784,0.0,0.07142844978653039,0.06635076391689432,1.0,8.0,0.06646126919448014,0.8601396899158633,CATO,bb_v1@230-254#burst:burst_230_237#0|tb:tb_239_254#0,0.05425608495192451,"{'up': 0, 'down': 4, 'both': 0, 'none': 12}"
0.11299997568130493,1.0895521511716093,0.19000002639634314,1.176991547215592,0.17438359989655722,0.08982591745011728,0.6725668244695581,0.09964780486270915,0.4070797673835929,0.06031312242584951,0.5679010710435592,1,-0.17438359989655725,0.5,2.0,-0.4548076993614967,-0.19000002639634317,0.17438359989655722,0.650746147827522,0.0,0.0,0.14636968151608246,0.10579520327555243,4.0,-0.04750000659908579,-0.356730717208962,0.504424722746034,0.06666636391297043,0.19929460474917637,1.0,5.0,0.21791043023432186,0.505094635607816,CGTX,bb_v1@196-209#burst:burst_196_200#0|tb:tb_205_209#0,4.331949967662922,"{'up': 5, 'down': 0, 'both': 0, 'none': 0}"
0.695000171661377,1.3820756902555624,0.2554455745642039,1.8561149376235402,0.18482748547365663,0.12348065444214808,1.136690654885933,0.11318893633438454,0.6043158211785628,0.06017632388831927,0.2978720885875608,2,-0.24786941691459735,0.6666666666666666,2.0,-0.36761906033470515,-0.3425742954754859,0.24786941691459738,0.41509441601165276,0.0,0.0,0.9254514827437614,1.0172758255964274,3.0,-0.11419143182516196,-0.20000003633045016,0.7194242827376072,0.14184402079957145,0.19277111981115524,2.0,4.0,0.3455189225638906,0.9369085790373365,CIRC,bb_v1@223-230#burst:burst_223_226#0|tb:tb_230#0,0.3131312523164531,"{'up': 0, 'down': 0, 'both': 0, 'none': 1}"
1.9049997329711914,0.9241071075048977,-0.0009280955207309774,-0.010498929431595009,-0.0010043159642358433,-0.0010043159642358433,0.22572197661420038,0.021592314346861097,0.03674525177756407,0.0035150100979835447,0.04487161460785021,1,-0.0010033847273647595,0.0,0.0,-0.008731642098304349,0.0009280955207309205,-0.0010043159642358433,0.8312500516218808,0.0,0.0,0.33726447494953976,0.0,1.0,0.0009280955207309205,0.014246298836473548,-0.2362209060457954,0.6794870697613001,0.010199407687331297,1.0,5.0,0.18482142150097952,0.9805193897546368,CLPT,bb_v1@251-257#burst:burst_251_255#0|tb:tb_257#0,0.3813675592836143,"{'up': 1, 'down': 0, 'both': 0, 'none': 0}"
0.5975000858306885,1.431578917648653,0.08008655729962363,0.619246581437191,0.055942816922146775,0.055942816922146775,0.45188274835331593,0.0408231464156579,0.0,0.0,0.0,1,-0.055942816922146796,1.0,1.0,-0.11825729281352015,-0.08008655729962366,0.055942816922146775,0.9947368470585578,0.0,0.0,0.41170041654637685,0.41170041654637685,1.0,-0.08008655729962366,-0.02586204504569778,0.16736383308387504,0.6301370220932366,0.030588262221392437,1.0,5.0,0.28631578352973064,0.9318568062163964,CLYM,bb_v1@307-313#burst:burst_307_311#0|tb:tb_313#0,0.4200912391952296,"{'up': 1, 'down': 0, 'both': 0, 'none': 0}"
0.29499995708465576,0.30538929507690615,0.00458715144817956,0.033898277688179976,0.015020668773030757,0.015020668773030757,0.06779655537635995,0.030041337546061513,0.033898277688179976,0.015020668773030757,0.09090889386918205,1,-0.01502066877303076,1.0,1.0,-0.2194244249545354,-0.0045871514481795606,0.015020668773030757,0.25149698675313514,0.0,0.0,0.029327587520268136,0.029327587520268136,1.0,-0.0045871514481795606,0.009174302896359121,-0.033898277688179976,0.7272733183924538,0.027649742244254982,1.0,7.0,0.043627042153843734,0.4545455530655264,CNET,bb_v1@245-255#burst:burst_245_251#0|tb:tb_253_255#0,0.14893214496229068,"{'up': 0, 'down': 2, 'both': 0, 'none': 1}"
1.0375214649193367,0.3692466587095862,-0.019862593888033624,-0.2139927356556919,-0.053792210219173915,-0.16739488071818806,0.0,0.0,0.04938302520457525,0.012413608643881174,0.06521784200105611,1,-0.1596503199485076,0.0,0.0,-0.015486774186995511,0.019862593888033686,-0.053792210219173915,0.31380747599518166,0.0,0.0,0.3303191489361702,0.0,2.0,0.009931296944016843,0.0456586995989654,-0.11298042370739833,0.9347821579989439,0.18127333642694055,1.0,3.0,0.12308221956986205,0.8753310851954409,COHN,bb_v1@286-291#burst:burst_286_288#0|tb:tb_291#0,1.100280974539308,"{'up': 1, 'down': 0, 'both': 0, 'none': 0}"
0.730107216644778,0.45502063003769466,-0.13371685466582428,-2.1754401044717855,-0.29386987278960724,-0.29386987278960724,0.0,0.0,0.08187098623937511,0.011059562734854828,0.03910597559552688,1,-0.25920922987091755,0.0,0.0,0.12884760014139762,0.13371685466582428,-0.29386987278960724,0.4696650908512683,0.0,0.0,1.4036617262423714,0.0,1.0,0.13371685466582428,0.1338583157545381,-0.16374393140623092,0.9608940244044731,0.0069752864739780485,1.0,5.0,0.09100412600753893,0.9856458316414773,COHN,bb_v1@286-292#burst:burst_286_290#0|tb:tb_292#0,1.0857323935859902,"{'up': 1, 'down': 0, 'both': 0, 'none': 0}"
0.0455000102519989,0.180327888074596,-0.01805548794843801,-0.2857131628640877,-0.10012587704109872,-0.10012587704109872,0.0,0.0,0.0,0.0,0.0,1,-0.09835011767666003,0.0,0.0,-0.004076115455168505,0.01805548794843803,-0.10012587704109872,0.1754098210082331,0.0,0.0,0.3940509046304814,0.0,1.0,0.01805548794843803,-0.004076115455168505,0.0,1.0,0.05047749176492289,1.0,5.0,0.0360655776149192,0.8904111658258058,CPPKF,bb_v1@191-199#burst:burst_191_195#0|tb:tb_197_199#0,0.3229244897464809,"{'up': 3, 'down': 0, 'both': 0, 'none': 0}"
0.6550000905990601,0.8819875431476538,0.1955719424093332,0.9047067144112115,0.22174002788222197,0.18025274779200448,0.7862592293912192,0.19270901903422719,0.43511457467132364,0.1066448567062661,0.5749999105930541,2,-0.3180634762465718,0.6666666666666666,2.0,-0.3910614208895171,-0.280528023979716,0.3180634762465718,0.3043477552631826,0.0,0.0,0.33453398675519563,0.37041175567350365,3.0,-0.093509341326572,-0.2821229083764041,0.47328228992459603,0.090909263319198,0.11009174412262679,2.0,2.0,0.4409937715738269,0.738717349890721,CRML,bb_v1@183-190#burst:burst_183_184#0|tb:tb_188_190#0,1.4682355053318779,"{'up': 3, 'down': 0, 'both': 0, 'none': 0}"
0.46000003814697266,1.2732919585782523,0.1475410348655896,1.173913381500793,0.11587368778354082,0.11587368778354082,0.173913381500793,0.017166500686481095,0.6739128631995771,0.06652004307495586,0.5849055839883471,1,-0.11587368778354079,1.0,1.0,-0.18961039926133583,-0.14754103486558956,0.11587368778354082,0.8509316724196871,0.0,0.0,0.8196373815596828,0.8196373815596828,1.0,-0.14754103486558956,-0.08831166820555025,1.0000000000000002,0.26415070574152455,0.14743591507040832,1.0,9.0,0.14147688428647248,0.9200000722784781,CRML,bb_v1@183-196#burst:burst_183_191#0|tb:tb_193_196#0,1.1881215690957336,"{'up': 4, 'down': 0, 'both': 0, 'none': 0}"
0.6110000610351562,1.1056909544767834,-0.29729729978522995,-2.52045795092714,-0.2688792004506467,-0.2688792004506467,0.0,0.0,1.2536828057688705,0.13374126329299027,0.47109489851667274,1,-0.20726104994989217,0.0,0.0,0.2751422797937493,0.2972972997852299,-0.2688792004506467,1.3821138384731597,0.0,0.0,2.673423219618134,0.0,1.0,0.2972972997852299,0.42049337535653075,-1.1783963913342075,0.5289051014833273,0.16071435033667036,1.0,12.0,0.09214091287306529,0.9656487952217274,DDC,bb_v1@160-173#burst:burst_160_171#0|tb:tb_173#0,1.670384610729105,"{'up': 1, 'down': 0, 'both': 0, 'none': 0}"
0.8299999237060547,3.3373983377379393,0.06279288392720042,0.8072290817838996,0.018814920357921948,0.018814920357921948,1.8072290817838996,0.04212295122859221,0.9012050767650445,0.021005315750044423,0.23499843301420353,1,-0.01881492035792194,1.0,1.0,-0.10594549621459093,-0.0627928839272004,0.018814920357921948,2.6849591218753113,0.0,0.0,1.6615052552552552,1.6615052552552552,1.0,-0.0627928839272004,0.09503796919644869,-1.0,0.2937481161714732,0.2180000305175782,1.0,15.0,0.22249322251586262,0.9396601846798345,DDC,bb_v1@160-177#burst:burst_160_174#0|tb:tb_176_177#0,0.8730845183674932,"{'up': 1, 'down': 0, 'both': 0, 'none': 1}"
0.28999996185302734,4.073170589875918,0.16666666666666666,1.1954024122482492,0.0409181650974613,-0.032268694543876084,1.2413799340320368,0.04249195799585681,1.3448273027127104,0.04603292166399328,0.5492957415407553,4,-0.08054246867938589,0.6666666666666666,4.0,-0.22374429074611513,-0.18269225478877493,0.04485259106084734,2.92682933743549,0.0,0.0,0.4461131505416155,0.3377486780619998,6.0,-0.030448709131462488,0.022831027858393638,0.25166342888925897,0.16216200542241166,0.2352940268995054,5.0,10.0,0.4073170589875918,0.9378530343822645,DVLT,bb_v1@252-271#burst:burst_252_261#0|tb:tb_268_271#0,1.0474614257748065,"{'up': 2, 'down': 0, 'both': 0, 'none': 2}"
0.3424999713897705,4.754098210082331,0.5095541562482979,10.444001360436067,0.10718208453659049,0.1630169711722101,5.722628326635569,0.05872875844314628,0.29197194108937463,0.002996376598599672,0.11764722381908126,3,-0.16120444591562494,0.75,3.0,-0.8114942503851146,-0.7663817677847864,0.16120444591562494,0.3114753986231522,0.0,0.0,1.3750176695735379,1.0006496966270142,4.0,-0.1915954419461966,-0.6954022812109384,2.3357671753626223,0.04705877733065725,0.2682926474689795,3.0,9.0,0.5282331344535923,0.7776307258092867,ELBM,bb_v1@258-271#burst:burst_258_266#0|tb:tb_271#0,-0.08173075159625831,"{'up': 0, 'down': 1, 'both': 0, 'none': 0}"
0.16499999165534973,1.2820513290766447,-0.04494384505685279,-0.24242438473102318,-0.03505619785849145,-0.03505619785849145,0.9090911718111198,0.13146070279100983,0.12121201174536678,0.017528072810356978,0.08333325054910777,1,-0.033548403604965096,0.0,0.0,-0.31617647252177694,0.044943845056852894,-0.03505619785849145,1.2051283226916114,0.0,0.0,0.22587755112034447,0.0,1.0,0.044943845056852894,-0.11999998092651365,-1.1515155565421429,0.2916666252745539,0.0,1.0,7.0,0.1831501898680921,0.5252525009265813,EQ,bb_v1@216-224#burst:burst_216_222#0|tb:tb_224#0,1.5268815984504331,"{'up': 1, 'down': 0, 'both': 0, 'none': 0}"
0.24500000476837158,3.0,-0.2179487473395695,-1.3877552112704838,-0.07264958244652317,-0.07264958244652317,0.0,0.0,1.46938778489195,0.07692308280124724,0.48000001907348633,1,-0.059649129411410394,0.0,0.0,0.21019102718541172,0.2179487473395696,-0.07264958244652317,2.871794989358278,0.0,0.0,0.4740260876352899,0.0,1.0,0.2179487473395696,0.43949039169361837,0.16326514724293248,0.5199999809265137,0.0,1.0,15.0,0.2,0.9916665756040185,EQ,bb_v1@216-232#burst:burst_216_230#0|tb:tb_232#0,0.23684207059009532,"{'up': 0, 'down': 0, 'both': 0, 'none': 1}"
0.7300000190734863,0.2747747239794853,-0.21024736560100019,-1.6301370220932367,-0.7651626851118127,-0.7651626851118127,0.0,0.0,0.13698616715036244,0.06429932089104583,0.10341251690133761,1,-0.6322366045654133,0.0,0.0,-0.0866666793823242,0.2102473656010002,-0.7651626851118127,0.3475224604797047,0.0,0.0,0.9625057971531519,0.0,1.0,0.2102473656010002,-0.07333335876464842,-0.9178082997097825,0.8965874830986624,0.027007291292723723,1.0,4.0,0.06869368099487133,0.4742856706891741,FEAM,bb_v1@262-267#burst:burst_262_265#0|tb:tb_267#0,0.06041225301393616,"{'up': 0, 'down': 1, 'both': 0, 'none': 0}"
0.48000001907348633,0.8287293079670008,0.003021145207289472,0.020833312637276943,0.0036455151015484188,0.0036455151015484188,0.0,0.0,0.10416656318638472,0.018227575507742094,0.14285704554341058,1,-0.003645515101548412,1.0,1.0,-0.02941180595477033,-0.0030211452072894662,0.0036455151015484188,0.6574586159340015,0.0,0.0,0.19166636393359246,0.19166636393359246,1.0,-0.0030211452072894662,-0.014705938038939936,0.06249993791183082,0.8571429544565894,0.15151515370448654,1.0,8.0,0.1035911634958751,0.9430378796561129,FLUX,bb_v1@246-255#burst:burst_246_253#0|tb:tb_255#0,0.9868421803881267,"{'up': 1, 'down': 0, 'both': 0, 'none': 0}"
0.3949999213218689,0.7468353895551991,0.08363637057217685,0.5843960201538638,0.11198769065026373,0.11683907425319211,0.4556964623051852,0.08732502051881956,0.4556964623051852,0.08732502051881956,0.6428574469625045,2,-0.11643332213638986,0.6666666666666666,2.0,-0.11578945078898151,-0.08695652549493671,0.11643332213638981,0.474683455961713,0.0,0.0,0.48740259740259745,0.6,3.0,-0.028985508498312235,-0.052631530515153124,0.16636515545284636,0.3571425530374956,0.0873015993156252,2.0,3.0,0.24894512985173303,0.9280000617981016,FOCL,bb_v1@235-244#burst:burst_235_237#0|tb:tb_241_244#0,0.03673913097142423,"{'up': 0, 'down': 2, 'both': 0, 'none': 2}"
0.3600001335144043,0.7082066719519742,0.06631764627853565,1.0352917396376615,0.0936416570261186,0.045212776883371004,0.9166661147720123,0.0829120243507281,0.3888896983343819,0.03517489260096302,0.2170548022678228,2,-0.16264068614712082,0.5,2.0,-0.17560974096887882,-0.09786471976822664,0.13818666731632137,0.45136782697043176,0.0,0.0,1.1613393291200778,1.165289256198347,4.0,-0.02446617994205666,-0.0975609585899887,0.5833332229544025,0.3442622822672117,0.05917153919925777,3.0,10.0,0.07082066719519742,0.8221475817395691,FULC,bb_v1@145-162#burst:burst_145_154#0|tb:tb_159_162#0,0.4651649638380822,"{'up': 2, 'down': 0, 'both': 0, 'none': 2}"
2.1599998474121094,0.7222222271279541,0.24193547890908274,2.0833334805053063,0.33498758390638633,0.3112049096414517,2.1296299566784582,0.34243178083488873,0.3240744501802268,0.05210923651326989,0.3888892715359506,2,-0.43176178901130036,0.6666666666666666,2.0,-0.35678389768329977,-0.3118279608484912,0.43176178901130036,0.09259259095734862,0.0,0.0,0.30054899041593003,0.37084767842188515,3.0,-0.10394265361616373,-0.28643215671006694,0.7328610330089832,0.15789484251239316,0.31249992083758227,2.0,9.0,0.08024691412532824,0.8452381790360123,GIPR,bb_v1@260-278#burst:burst_260_268#0|tb:tb_272_278#0,0.05133078713504285,"{'up': 0, 'down': 7, 'both': 0, 'none': 0}"
1.4699993133544922,0.22551936340963774,-0.05004034450194456,-0.42176882664268855,-0.22188934797164317,-0.22188934797164317,0.0,0.0,0.06122462219557988,0.03220980461483073,0.07826096331009409,1,-0.21131506911469203,0.0,0.0,-0.08335092117629372,0.05004034450194461,-0.22188934797164317,0.18199804303382394,0.0,0.0,0.36573980852660676,0.0,1.0,0.05004034450194461,-0.04768822364010061,0.1564629954729643,0.9217390366899059,0.02728666687093817,1.0,6.0,0.037586560568272954,0.5699977187327071,GLSI,bb_v1@308-316#burst:burst_308_313#0|tb:tb_315_316#0,1.4459328674758731,"{'up': 2, 'down': 0, 'both': 0, 'none': 0}"
0.3399999141693115,4.261627930347954,0.25653590264418674,6.828383982191555,0.06019669169552328,0.1058608263309713,9.029413146544016,0.07960021006310877,4.11764697632573,0.036299763778856894,0.6896550752157865,3,-0.11667784393851519,0.75,3.0,-0.6719538407875438,-0.49723755858115604,0.11667784393851519,1.630813965173977,0.0,0.0,0.24809146800821735,0.19641012703181904,4.0,-0.12430938964528901,-0.5183850120075641,4.424569684042115,0.02183414478941913,0.05054945262240507,3.0,6.0,0.710271321724659,0.6055646701669649,GWH,bb_v1@261-271#burst:burst_261_266#0|tb:tb_271#0,0.1861924325148261,"{'up': 0, 'down': 1, 'both': 0, 'none': 0}"
0.11000001430511475,0.5985401821883398,0.1004566314438607,2.0,0.1678360692118921,0.09737898426730542,1.8181820152219406,0.1525782612733035,0.636362946723208,0.05340232778505997,0.2564100996590002,3,-0.20598068000207245,0.75,3.0,-0.19327736774681636,-0.12328771373571856,0.20598068000207245,0.18248175118967835,0.0,0.0,1.122174448894989,1.1573205232346433,4.0,-0.03082192843392964,-0.11764714132130372,0.18181798477805944,0.4210529948206684,0.0572916753978161,3.0,14.0,0.042752870156309984,0.8155339412543617,HOWL,bb_v1@243-262#burst:burst_243_256#0|tb:tb_261_262#0,0.07644409360059945,"{'up': 0, 'down': 2, 'both': 0, 'none': 0}"
0.17799997329711914,0.5767789954487947,0.20519480036933208,4.853203634702061,0.35575983520285603,0.39364093830619656,3.0337081059650193,0.22238331153354549,2.191010814561216,0.16061012580277306,0.8297873203870296,1,-0.355759835202856,0.5,2.0,-0.32450335517556184,-0.27315916507060245,0.4735941621071966,0.10486890014565864,0.0,0.0,0.11898605632152483,0.19200874897472953,4.0,-0.06828979126765061,-0.20529807110431164,1.5358240091931035,0.11111098496373768,0.11111116305415769,3.0,4.0,0.14419474886219869,0.834024825455484,HUIZ,bb_v1@242-253#burst:burst_242_245#0|tb:tb_250_253#0,0.23201249241758598,"{'up': 0, 'down': 0, 'both': 0, 'none': 4}"
0.1700000762939453,0.9236110214282001,0.07581228866172467,1.235293787656094,0.08208248591977005,-0.08903183382136097,2.323528256796329,0.15439321182417318,0.7941172345701175,0.05276729906407931,0.19565221147111558,3,-0.1841338181931983,0.6666666666666666,2.0,-0.17845116709907127,-0.11913354728460168,0.12898671033654718,0.5902776880948668,0.0,0.0,1.3759937563354492,1.5567621611761364,3.0,-0.03971118242820056,0.010101000370632551,0.25459523511232957,0.2318838977232402,0.2377048811903575,2.0,22.0,0.04198231915582728,0.8726114388522803,IMRX,bb_v1@165-191#burst:burst_165_186#0|tb:tb_190_191#0,0.5587099210112999,"{'up': 1, 'down': 0, 'both': 0, 'none': 1}"
0.2200000286102295,0.5124999875823661,0.17010310988761146,2.806701036629204,0.3319085151397656,0.23091127660334299,3.1363634885835445,0.3708929931791182,1.9545444200848119,0.2311361017004422,0.6323528483664467,1,-0.3319085151397656,0.4,2.0,-0.17204303762956563,-0.1515151992824586,0.29563942039726965,0.20833332505491087,0.0,0.0,0.663166413103292,0.6493380377431781,5.0,-0.03030303985649172,-0.11290324544724661,0.40993745322209346,0.08333326237541563,0.06168833179444966,4.0,8.0,0.06406249844779577,0.9347826763001587,LASE,bb_v1@193-206#burst:burst_193_200#0|tb:tb_206#0,1.0703363976804425,"{'up': 1, 'down': 0, 'both': 0, 'none': 0}"
0.5145000219345093,0.3492063083586221,-0.0023529950310202208,-0.01943679000097082,-0.006738122922463878,-0.24201336178718685,0.0,0.0,0.09718116961337961,0.03368965073816492,0.2083323399216397,1,-0.2236246342683971,0.0,0.0,-0.020689581085941322,0.0023529950310201553,-0.006738122922463878,0.2920635074414599,0.0,0.0,0.19056172436316132,0.0,2.0,0.0011764975155100776,0.07126435622433092,0.11661795961435044,0.7916676600783603,0.0915492595144678,1.0,3.0,0.11640210278620737,0.9158957831990884,LPCN,bb_v1@312-318#burst:burst_312_314#0|tb:tb_317_318#0,1.5127078544523977,"{'up': 2, 'down': 0, 'both': 0, 'none': 0}"
0.36949992179870605,0.4634920615698175,-0.008676781061724965,-0.10825431750650892,-0.01872045236834752,-0.01872045236834752,0.0,0.0,0.18944441038976123,0.0327606800619104,0.13833943672855503,1,-0.01855941637582108,0.0,0.0,-0.0021458696077492068,0.00867678106172498,-0.01872045236834752,0.337777808725938,0.0,0.0,0.12846517917511832,0.0,1.0,0.00867678106172498,0.012875524623216839,-0.05412715875325446,0.861660563271445,0.12473116383027172,1.0,5.0,0.0926984123139635,0.9666446167894096,LPCN,bb_v1@312-318#burst:burst_312_316#0|tb:tb_318#0,1.3652007343109864,"{'up': 1, 'down': 0, 'both': 0, 'none': 0}"
0.03999999165534973,0.3529411867828105,-0.043478218616745966,-0.49999962747089244,-0.12318828248146954,-0.12318828248146954,0.0,0.0,1.5000011175873227,0.36956539813947015,0.6666667770455975,1,-0.11805544215840955,0.0,0.0,-0.36000001430511475,0.043478218616745945,-0.12318828248146954,0.3235293627816507,0.0,0.0,0.5403654869303725,0.0,1.0,0.043478218616745945,-0.2799999713897705,0.0,0.3333332229544025,0.08333331781129005,1.0,4.0,0.08823529669570263,0.29268294101240816,LRDC,bb_v1@283-289#burst:burst_283_286#0|tb:tb_288_289#0,0.7865762506522875,"{'up': 2, 'down': 0, 'both': 0, 'none': 0}"
0.03999999165534973,0.5294116925203272,0.019230751596258297,0.24999981373544622,0.03632475796805322,0.03632475796805322,0.24999981373544622,0.03632475796805322,0.0,0.0,0.0,1,-0.03632475796805325,1.0,1.0,-0.3200000127156576,-0.01923075159625831,0.03632475796805322,0.4999999561730557,0.0,0.0,0.576624868383268,0.576624868383268,1.0,-0.01923075159625831,-0.03703711062301529,0.0,0.0,0.176470656983444,1.0,6.0,0.0882352820867212,0.4390243388300204,LRDC,bb_v1@283-293#burst:burst_283_288#0|tb:tb_290_293#0,0.5215765574497939,"{'up': 3, 'down': 1, 'both': 0, 'none': 0}"
0.3799999952316284,2.0625000139698386,0.1183673290648299,0.7631578039264404,0.0573902197639262,0.08243092287142847,0.9999996862913394,0.07520096297888212,0.473683764729798,0.03562148642991185,0.4864861730068845,3,-0.10290663430908258,0.8,4.0,-0.21224493470007189,-0.21224493470007189,0.10290663430908256,1.275000031664967,0.0,0.0,0.2771671009842138,0.2911210776818211,5.0,-0.04244898694001438,-0.09795918565946338,0.36746626525226794,0.0,0.0880828817123247,3.0,6.0,0.34375000232830644,1.0,MPU,bb_v1@193-208#burst:burst_193_198#0|tb:tb_204_208#0,1.0032256819297842,"{'up': 4, 'down': 1, 'both': 0, 'none': 0}"
0.45200014114379883,0.43362832885349034,0.1296296527955866,0.9292034184571791,0.2989418452856305,0.2989418452856305,0.8407079552659369,0.2704712256771473,0.19026535135608436,0.06121186609789452,0.17695463964458957,1,-0.29894184528563045,1.0,1.0,-0.14285715320966486,-0.12962965279558658,0.2989418452856305,0.23893803722642382,0.0,0.0,0.4209880331389997,0.4209880331389997,1.0,-0.12962965279558658,-0.0012157898322083804,0.08849546319124224,0.04115221896045588,0.14893620079308834,1.0,4.0,0.10840708221337259,0.9519231210093543,MYSE,bb_v1@258-265#burst:burst_258_261#0|tb:tb_263_265#0,0.08007883079769895,"{'up': 0, 'down': 3, 'both': 0, 'none': 0}"
1.0999999046325684,1.9841690061883148,-0.027409324000086006,-0.2818177207441955,-0.013814006727552232,-0.013814006727552232,0.0,0.0,1.1999998266046548,0.058821019608007175,0.4664310001449046,1,-0.013445475337686412,0.0,0.0,-0.02097906649196435,0.02740932400008611,-0.013814006727552232,1.6675461104052913,0.0,0.0,0.24821656050955415,0.0,1.0,0.02740932400008611,0.09023499083889353,0.29090970567440605,0.5335689998550954,0.018072292617485664,1.0,4.0,0.4960422515470787,0.9304639905816512,NA,bb_v1@176-181#burst:burst_176_179#0|tb:tb_181#0,1.6610312548822401,"{'up': 1, 'down': 0, 'both': 0, 'none': 0}"
0.565000057220459,0.839805857828914,0.25065964571124605,1.6814158433138575,0.2984733237742081,0.30111726883062406,0.9026547589609508,0.16023303646092224,0.21238957845067605,0.03770193058859097,0.48936146468059033,1,-0.29847332377420804,0.4,2.0,-0.3757532394814256,-0.3166227070611909,0.3770189313512666,0.2184466311569575,0.0,0.0,0.3946906479172699,0.5954935761420552,5.0,-0.06332454141223817,-0.3058568334704044,0.7787610843529067,0.02499997019768472,0.027027094201208968,3.0,3.0,0.27993528594297135,0.8204101085657268,NB,bb_v1@141-151#burst:burst_141_143#0|tb:tb_149_151#1,0.1583101794497246,"{'up': 0, 'down': 0, 'both': 0, 'none': 3}"
4.4160003662109375,0.7808218786608632,0.12351547625384952,0.6981308692371214,0.15818649506297502,-0.014519267221754908,0.39130446050026435,0.08866400819188106,0.3188403355827606,0.07224467129730788,0.4230767467317733,2,-0.1764387236771207,0.5,2.0,-0.2108695676117177,-0.06923072102977268,0.08866391032549675,0.5981735122534155,0.0,0.0,0.09678672966394633,0.050667812071751445,4.0,-0.01730768025744317,-0.13043478542555031,0.3356398178958999,0.3518516065653388,0.055096365356434474,3.0,4.0,0.1952054696652158,0.7254901181638661,NCL,bb_v1@146-160#burst:burst_146_149#0|tb:tb_154_160#0,2.7624215630612743,"{'up': 7, 'down': 0, 'both': 0, 'none': 0}"
0.809999942779541,2.5762711676055408,0.16876576107443783,0.8792487983168908,0.0655077630012424,0.03297033742451002,1.049382966786818,0.07818347982664614,0.6049380317691307,0.045070447968116364,0.5783130418996275,2,-0.08462209018795214,0.4,2.0,-0.237875286267486,-0.21800945109373682,0.08462209018795214,1.3305085781695252,0.0,0.0,0.03570811143424339,0.03860952597226597,5.0,-0.043601890218747365,-0.07852192151502513,0.856610625545668,0.1666665108375271,0.2303030307408973,2.0,6.0,0.4293785279342568,0.9639343818904436,NMAD,bb_v1@195-216#burst:burst_195_200#0|tb:tb_206_216#0,0.5286897771065678,"{'up': 0, 'down': 0, 'both': 0, 'none': 11}"
0.10000002384185791,1.2812501105945584,0.15068494716579106,1.099999880790739,0.11760775348996176,0.11760775348996176,1.6099997496605516,0.1721349765427833,0.46999979734425607,0.050250569360662266,0.21559629390340165,1,-0.11760775348996176,1.0,1.0,-0.28817449995569,-0.15068494716579106,0.11760775348996176,0.9062500873114934,0.0,0.0,3.583589088855607,3.583589088855607,1.0,-0.15068494716579106,-0.0493685226567796,-0.5099998688698126,0.04587151699019504,0.048387050256521125,1.0,6.0,0.21354168509909308,0.7508834335309202,NVNXF,bb_v1@260-267#burst:burst_260_265#0|tb:tb_267#0,0.004615417062884708,"{'up': 0, 'down': 1, 'both': 0, 'none': 0}"
0.36999988555908203,0.6173285378778268,0.10698685137131289,1.295408768734764,0.1733061810800107,0.20846429864752183,1.4864861730068846,0.19886945965610534,0.5135138269931155,0.06870041521710588,0.5416661285692005,4,-0.25260994067489007,0.6666666666666666,4.0,-0.15131580392079358,-0.13616074350833574,0.22056447281120645,0.3537906230402552,0.0,0.0,0.9728196130195422,0.9850495798589871,6.0,-0.022693457251389288,-0.11403508496746784,0.09242793142578042,0.12225715872324237,0.0,5.0,9.0,0.06859205976420298,0.9506173275571277,OSS,bb_v1@176-191#burst:burst_176_184#0|tb:tb_191#0,0.6537468435720255,"{'up': 1, 'down': 0, 'both': 0, 'none': 0}"
4.569999694824219,0.5161290744868747,0.05777774386935764,0.2792801873347579,0.1119443695877802,-0.14133391033809573,0.3369801118198862,0.13507233198780516,0.2100654592077783,0.08420090815463174,0.4039405997340988,2,-0.1549999216206029,0.5,2.0,-0.08810572391104265,-0.06292437211620372,0.12191596100018562,0.38709674041050013,0.0,0.0,0.3052464228934817,0.2615262321144674,4.0,-0.01573109302905093,0.07797350180290663,-0.028446207756607274,0.24138005552919511,0.06280189319548324,3.0,2.0,0.25806453724343736,0.9016128168890163,PPIH,bb_v1@183-207#burst:burst_183_184#0|tb:tb_189_207#0,0.3897550863640954,"{'up': 19, 'down': 0, 'both': 0, 'none': 0}"
2.2100000381469727,1.1129628973896786,0.12357579897180367,1.276017939433483,0.11103317034344624,0.11672168604441573,0.9095023503108935,0.07914068154454687,0.5610858595992928,0.04882309245107193,0.4806200805374288,3,-0.2299410645108111,0.75,3.0,-0.3103168576997888,-0.2559158733868193,0.2299410645108111,0.5027777088522434,0.0,0.0,0.732397178224411,0.9108656107191978,4.0,-0.06397896834670483,-0.20633630180916895,0.3665155891225894,0.19379845534327472,0.1760895083466163,3.0,5.0,0.2225925794779357,0.8697539030430698,PTN,bb_v1@291-303#burst:burst_291_295#0|tb:tb_300_303#0,0.5885353169157369,"{'up': 1, 'down': 0, 'both': 0, 'none': 3}"
0.9000000953674316,0.23931625951972801,-0.08275860753552668,-1.333332980120661,-0.34581272372220273,-0.34581272372220273,0.0,0.0,0.5555565563247938,0.14408893261383093,0.2631583174178523,1,-0.31938118184006786,0.0,0.0,0.012903213500976562,0.08275860753552666,-0.34581272372220273,0.22222225844916732,0.0,0.0,2.3854842083246184,0.0,1.0,0.08275860753552666,0.04516133954448076,0.11111152319256219,0.7368416825821478,0.0,1.0,5.0,0.0478632519039456,0.7368421184719428,PW,bb_v1@218-224#burst:burst_218_222#0|tb:tb_224#0,0.24840768277608882,"{'up': 0, 'down': 1, 'both': 0, 'none': 0}"
0.36949992179870605,0.7995734493413396,-0.03554504806281505,-0.8119086717920757,-0.04445501297234895,-0.04445501297234895,0.0,0.0,2.0703667259218155,0.11336026188170126,0.718309821318237,1,-0.04292909618515447,0.0,0.0,-0.0011428833007812722,0.035545048062815,-0.04445501297234895,0.7995734493413396,0.0,0.0,1.9852722034571824,0.0,1.0,0.035545048062815,0.08628572736467643,-0.10825431750650892,0.28169017868176305,0.004576654794112178,1.0,15.0,0.05330489662275597,0.9265227708681534,RENT,bb_v1@297-313#burst:burst_297_311#0|tb:tb_313#0,0.15375859026511396,"{'up': 0, 'down': 1, 'both': 0, 'none': 0}"
0.619999885559082,0.34952346700629167,0.09580419976831717,0.6783556481021206,0.27409947775149707,0.2619625610209901,0.7258062779468927,0.29327259571081515,0.6467747343939629,0.26133874969013365,0.5885285522752339,3,-0.33302741305582684,0.75,3.0,-0.11640089601940895,-0.11640089601940895,0.33302741305582667,0.07592990391210952,0.0,0.0,0.8827586206896552,1.0574712643678161,4.0,-0.029100224004852238,-0.03872439213307732,1.3038951793542142,0.23999977111816406,0.062129399395993934,3.0,8.0,0.04369043337578646,1.0,RKDA,bb_v1@149-162#burst:burst_149_156#0|tb:tb_161_162#1,0.2681455785576833,"{'up': 0, 'down': 0, 'both': 0, 'none': 2}"
0.5699999332427979,0.6124259244785899,0.2052845477238392,1.9628085560905457,0.33519898410344945,0.4844782301605116,1.3684211627048046,0.23369237011984567,0.41929885688734886,0.0716058376800215,0.5229763386647941,3,-0.4737650010098445,0.6666666666666666,4.0,-0.42026824399565377,-0.2862384878819487,0.46738466880814666,0.10976325459125036,0.0,0.0,0.03509104105525577,0.03314399318375461,6.0,-0.047706414646991456,-0.30419577533933173,1.3859650076774974,0.0,0.05398452289593614,5.0,6.0,0.10207098741309832,0.6310394603348276,RKDA,bb_v1@263-276#burst:burst_263_268#0|tb:tb_275_276#0,0.03347560716200171,"{'up': 0, 'down': 0, 'both': 0, 'none': 2}"
0.2250000238418579,5.603773941387713,0.15999998365129744,2.488888370843636,0.02855218381840635,0.05262015967079041,1.1999997880723965,0.0137662319180181,1.91111014566314,0.02192399177697931,0.5972221578344699,4,-0.05863395976638898,0.8,4.0,-0.32857145581926617,-0.32857145581926617,0.05863395976638898,2.3584906933527545,0.0,0.0,0.3319375228411095,0.3566697237635963,5.0,-0.06571429116385323,-0.20000001362391884,2.8000002119276033,0.25531901941945556,0.05106388461595435,4.0,11.0,0.5094339946716103,1.0,SLNH,bb_v1@243-259#burst:burst_243_253#0|tb:tb_259#0,1.0809715817605348,"{'up': 0, 'down': 0, 'both': 0, 'none': 1}"
0.38450002670288086,0.520979043422944,0.08045974995535818,0.9102727706779272,0.15443951339524212,0.22274986384686846,0.780233892020264,0.13237674079643585,0.3146939003292594,0.05339187812803171,0.235293787656094,2,-0.2691660361126329,0.6666666666666666,2.0,-0.14806375323860965,-0.1402298640159051,0.2691660361126329,0.19580426634223946,0.0,0.0,2.693831012962074,3.7989078252520403,3.0,-0.0467432880053017,-0.10022775220586067,0.8842643748721096,0.4318489384416492,0.02406414811225077,2.0,5.0,0.1041958086845888,0.9731543838942944,SPAI,bb_v1@201-209#burst:burst_201_205#0|tb:tb_209#0,1.39164491641779,"{'up': 1, 'down': 0, 'both': 0, 'none': 0}"
0.30451202392578125,1.0419581008835355,0.10119036777270811,0.72956834143374,0.09711558237025371,-0.11854290270409397,0.6419712875504222,0.08545520949130042,1.0370360220980632,0.13804376026934753,0.6562511922097238,1,-0.09711558237025367,0.5,3.0,0.013422764516588304,0.034246658648030115,-0.03286759670949377,0.965034878972731,0.0,0.0,0.31771914599579476,0.2726950278490743,6.0,0.0057077764413383525,0.27852332139361624,0.17166470013221055,0.09756082470080697,0.09271507185599193,2.0,5.0,0.2083916201767071,0.9523806587730604,SSP,bb_v1@118-130#burst:burst_118_122#0|tb:tb_129_130#0,0.021752672083285907,"{'up': 0, 'down': 2, 'both': 0, 'none': 0}"
0.28999996185302734,0.8607594793451427,0.1499999446528289,0.7603446618484081,0.17426464448227438,0.21982409562811506,0.6896550164919908,0.15806316831662712,0.17241365135635525,0.03951576852590086,0.3846150319251659,2,-0.22128849217109212,0.6666666666666666,2.0,-0.27439020268268877,-0.19047616730626094,0.22128849217109217,0.4303797019481137,0.0,0.0,0.3698029698694698,0.4400210812995904,3.0,-0.06349205576875365,-0.23170731618672447,0.03620686810611877,0.23076947765238387,0.09243688219037338,2.0,6.0,0.14345991322419047,0.795180770478379,UAVS,bb_v1@174-186#burst:burst_174_179#0|tb:tb_183_186#0,1.6999822787917376,"{'up': 4, 'down': 0, 'both': 0, 'none': 0}"
6.80000114440918,5.750000049670535,0.11728398041506259,0.5588236036597526,0.020397213809029924,0.020397213809029924,0.3235291890207421,0.011808903558655125,1.4705879878008246,0.05367686227947508,0.7575758232558126,1,-0.020397213809029927,1.0,1.0,-0.1781608905608274,-0.1172839804150626,0.020397213809029924,4.749999850988394,0.0,0.0,0.3301567258538177,0.3301567258538177,1.0,-0.1172839804150626,0.17241379688337033,0.2352944146390105,0.07575758232558126,0.013986000461365,1.0,6.0,0.9583333416117559,0.9205298753565009,VOR,bb_v1@188-196#burst:burst_188_193#0|tb:tb_195_196#0,0.9957393784830751,"{'up': 1, 'down': 0, 'both': 0, 'none': 1}"
0.3399999141693115,0.5604838128206513,0.010335907761208815,0.11764697632573035,0.01844104597632009,0.01844104597632009,0.0,0.0,1.1764711657198876,0.18441067959780952,0.701754635464224,1,-0.018441045976320156,1.0,1.0,-0.18162391790820087,-0.010335907761208851,0.01844104597632009,0.47580647487173944,0.0,0.0,0.29857586328287516,0.29857586328287516,1.0,-0.010335907761208851,-0.09615380892543413,0.20588220857002812,0.298245364535776,0.15665794166700286,1.0,8.0,0.07006047660258141,0.6197183145887442,VVOS,bb_v1@187-196#burst:burst_187_194#0|tb:tb_196#0,0.7945824192608637,"{'up': 1, 'down': 0, 'both': 0, 'none': 0}"
0.16499999165534973,0.4814815359896156,-0.008333325054910776,-0.06060600587268339,-0.0173076731546576,-0.0173076731546576,0.0,0.0,0.4242420411087837,0.12115371208260318,0.636362946723208,1,-0.017164634674466425,0.0,0.0,-0.00819671330225158,0.00833332505491069,-0.0173076731546576,0.4444443872109036,0.0,0.0,0.7950395071648587,0.0,1.0,0.00833332505491069,0.0491802798135097,-0.06060600587268339,0.363637053276792,0.17355364654308825,1.0,7.0,0.06878307656994509,0.9459459981925294,WWR,bb_v1@253-263#burst:burst_253_259#0|tb:tb_261_263#0,1.553439557266165,"{'up': 3, 'down': 0, 'both': 0, 'none': 0}"
0.16499999165534973,0.7530863616110768,-0.02816907202197346,-0.24242474597131283,-0.037404836228492305,-0.037404836228492305,0.6060600587268339,0.0935118118840485,0.24242474597131283,0.037404836228492305,0.2000003576277834,1,-0.03638004414481443,0.0,0.0,-0.006802714468455484,0.028169072021973385,-0.037404836228492305,0.7283950272065769,0.0,0.0,1.527364898947439,0.0,1.0,0.028169072021973385,0.08843536918467487,-0.8484848046981467,0.30000023841852225,0.04794515850262693,1.0,9.0,0.08367626240123076,0.9193547239660853,WWR,bb_v1@253-263#burst:burst_253_261#0|tb:tb_263#0,1.4509804379889628,"{'up': 1, 'down': 0, 'both': 0, 'none': 0}"
0.2200000286102295,0.7400881676114135,0.07594936804365715,0.5454544961945148,0.10262205419224416,0.13702689723270053,0.13636348858354458,0.025655488061599195,1.4090904657506338,0.2651069138615531,0.6595743061892952,2,-0.1795886203228891,0.5,2.0,-0.14375000977888686,-0.13291141293862885,0.17958862032288914,0.42070481574024776,0.0,0.0,0.0349481342219036,0.06016137645483873,4.0,-0.03322785323465721,-0.0750000018626451,0.9999999999999999,0.2800002098083496,0.05109492861930498,2.0,2.0,0.37004408380570675,0.9726027665699275,XPON,bb_v1@205-211#burst:burst_205_206#0|tb:tb_211#0,2.819444292673364,"{'up': 1, 'down': 0, 'both': 0, 'none': 0}"
0.6100000143051147,2.597464412672722,0.21761656398917037,0.8098189910166501,0.08378038325662705,0.09564432674695876,0.42622967799226547,0.0440958858382793,0.606557175216741,0.06275179166015733,0.5199999809265137,3,-0.15263953639521885,0.75,3.0,-0.458498015707167,-0.39647576375344373,0.15263953639521882,1.0760696979518012,0.0,0.0,0.1550336645740347,0.18490014628327825,4.0,-0.09911894093836093,-0.30434782198971333,0.5205979392144376,0.24000024795532227,0.160583961930296,3.0,4.0,0.6493661031681806,0.8384089523288784,YCBD,bb_v1@309-318#burst:burst_309_312#0|tb:tb_317_318#0,0.09440700530854584,"{'up': 0, 'down': 2, 'both': 0, 'none': 0}"
0.7950000762939453,0.6225165981173775,0.012244886043219935,0.07547161889498546,0.019669975194639103,0.019669975194639103,0.28930817232833267,0.07540164974098339,0.4779869196682413,0.12457650956604767,0.5135131826183781,1,-0.01966997519463911,1.0,1.0,-0.3005780203430306,-0.012244886043219938,0.019669975194639103,0.5596026714880904,0.0,0.0,0.08837919564560025,0.08837919564560025,1.0,-0.012244886043219938,0.009259206113829244,-0.21383655343334718,0.175675884662077,0.04338843626578992,1.0,5.0,0.1245033196234755,0.4846938924459751,ZENA,bb_v1@168-176#burst:burst_168_172#0|tb:tb_174_176#0,0.4035301142208499,"{'up': 0, 'down': 3, 'both': 0, 'none': 0}"
0.7999999523162842,0.718120755969305,-0.08398443648184321,-0.5375004135072478,-0.11695029809921412,-0.11695029809921412,0.837499549239847,0.18222464481924874,0.18750013038516822,0.04079661259998501,0.15957455982606605,1,-0.10788927789294231,0.0,0.0,-0.23130189030274995,0.08398443648184317,-0.11695029809921412,0.8221475817395691,0.0,0.0,0.19408293223292544,0.0,1.0,0.08398443648184317,-0.11772852206828188,-1.3749999627470948,0.12765995222497784,0.09729728708018781,1.0,2.0,0.3590603779846525,0.5116278966611749,ZEPP,bb_v1@197-200#burst:burst_197_198#0|tb:tb_200#0,8.193760307981988,"{'up': 1, 'down': 0, 'both': 0, 'none': 0}"
