symbol,match_id,outcome,bo_idx,revert_idx,trough,confirm,end_idx,rev_days,up_days,up_pct,up_slope,max_bear_body_atr,max_body_ratio,max_upper_atr,max_upper_ratio,max_consec_bear,bear_count,max_consec_down,dd_low,dd_close,anchor_margin,revert_pct,dd_vs_up,max_drop_pct,max_drop_tr,max_drop_atr,down_slope,slope_ratio,atr,tr_med,fr,fp_up,fp_down,fp_both,fp_none
ADAG,bb_v1@292-306#burst:burst_292_298#0|tb:tb_302_306#0,break,298,299,300,302,306,4,7,0.1648350683851929,0.023547866912170416,0.5606905441955197,0.9285715502134696,0.30190973932866666,0.33333314411216575,2,2,2,-0.13084115741741886,-0.11320750154859627,0.06896551960383057,-0.11320750154859627,-0.6867925779243081,0.06467661484996651,0.6914894696326959,0.5606900300458074,0.05660375077429811,2.4037740227350777,0.23185715505055018,0.18799996376037598,0.6051933743987107,5,0,0,0
ADNH,bb_v1@223-229#burst:burst_223_227#0|tb:tb_229#0,weak,227,228,228,229,229,2,5,1.2193876632498202,0.24387753264996404,0.40087272774558064,0.3620690789149158,0.13362454599611034,0.20588276542988254,1,1,0,-0.16834075330114895,0.029885084434708498,1.1675392349921587,0.029885084434708498,0.024508271926469243,0.0,0.0,0.0,-0.029885084434708442,-0.12254135963234598,0.5238571337291172,0.21999990940093994,0.3794642415239802,0,1,0,0
AIFA,bb_v1@151-164#burst:burst_151_160#0|tb:tb_162_164#0,rise,160,161,161,162,164,2,10,0.5963302203789704,0.05963302203789704,0.6926883299486367,0.5999995761450178,1.0775154517715897,0.3794037426751461,1,1,1,-0.3542977288490071,-0.08620686347740547,0.46666658593233534,-0.08620686347740547,-0.14456229205124074,0.08620686347740546,1.0638290916817863,1.1544801421371622,0.08620686347740546,1.4456229205124072,0.7795713288443429,0.8460001945495605,1.1380952140136376,3,0,0,0
ALTO,bb_v1@284-290#burst:burst_284_288#0|tb:tb_290#0,weak,288,289,289,290,290,2,5,0.6465517427422351,0.12931034854844703,0.0,0.47368391332854404,0.7446800483304837,0.5263154592539379,0,0,0,-0.07499998807907104,0.015706853991273695,0.42307699361496676,0.015706853991273695,0.024293266807472895,0.0,0.0,0.0,-0.015706853991273754,-0.12146633403736493,0.1342857309750148,0.10000002384185791,0.5588235912850996,1,0,0,0
ALTO,bb_v1@284-297#burst:burst_284_289#0|tb:tb_294_297#0,rise,289,291,291,294,297,4,6,0.6724138905545647,0.11206898175909412,0.6666659854707728,0.631579409675776,0.7333325840178501,0.6875,1,2,1,-0.0833333138546909,0.025773170536872003,0.43846159489197345,0.025773170536872003,0.03832932498704914,0.024509781005518688,0.26315772962696893,0.3333329927353864,-0.012886585268435962,-0.11498797496114707,0.1500000102179391,0.18999993801116943,0.4408842320037164,3,0,0,1
ALTO,bb_v1@284-301#burst:burst_284_293#0|tb:tb_297_301#0,rise,293,294,295,297,301,4,10,0.8448277297258135,0.08448277297258136,0.5223888636804707,0.731707047593572,0.6791039036731901,0.6875,2,2,1,-0.059360781298752,-0.018691681453631315,0.5846153987229934,-0.018691681453631315,-0.022124843676352392,0.027777860562003345,0.31579053038739896,0.3134338163964122,0.00934584072681566,0.11062421838176201,0.19142855065209524,0.18999993801116943,0.25885804924875233,0,0,0,5
AMBO,bb_v1@225-235#burst:burst_225_227#0|tb:tb_232_235#0,weak,227,228,230,232,235,5,3,0.3571942592579094,0.1190647530859698,1.2066422798447458,0.5324673474910624,0.397309163161391,0.6428569806676627,4,4,2,-0.18590520268187605,-0.10416111509879644,0.14334465129900287,-0.10416111509879644,-0.29160915216049904,0.08629445371829501,1.3076929425347015,1.0006310047570441,0.03472037169959882,0.2916091521604991,0.3397857461656843,0.25999999046325684,0.8639878836353432,4,0,0,0
ANIX,bb_v1@174-186#burst:burst_174_179#0|tb:tb_185_186#0,weak,179,180,183,185,186,6,6,0.3229572699160925,0.05382621165268209,1.3658536916305777,0.9259259913356916,0.4552841115922988,0.2857140424299965,2,4,1,-0.07821228417790338,-0.01764711162210597,0.21771214238533299,-0.01764711162210597,-0.05464224919504324,0.07222222148636238,1.6250014901175405,1.4796747195286524,0.0044117779055265005,0.08196337379256502,0.17571428843906947,0.15999984741210938,0.023346578880981905,0,0,0,2
ANVS,bb_v1@288-293#burst:burst_288_291#0|tb:tb_293#0,rise,291,293,292,293,293,1,4,0.4360190151820664,0.1090047537955166,0.6893931922834753,0.29545422526434656,0.9545456844255973,0.4090910076109703,1,1,0,-0.2549999952316284,0.11221119385468636,0.41232235413838736,0.11221119385468636,0.2573538995950231,0.0,0.0,0.0,-0.11221119385468631,-1.029415598380092,0.18857145309448242,0.18000006675720215,0.6272188798164431,1,0,0,0
ANVS,bb_v1@288-296#burst:burst_288_292#0|tb:tb_294_296#0,rise,292,293,293,294,296,2,5,0.597156423273677,0.1194312846547354,0.43127918226274353,0.7457629173386502,0.5971565817873979,0.4090910076109703,1,1,0,-0.149214644817788,0.0029674270686739224,0.5402844367688473,0.0029674270686739224,0.004969262580156405,0.0,0.0,0.0,-0.0029674270686738916,-0.024846312900781764,0.3014285905020578,0.18000006675720215,0.40448543573305523,1,2,0,0
ANVS,bb_v1@288-297#burst:burst_288_294#0|tb:tb_296_297#0,rise,294,295,295,296,297,2,7,0.8388627049029822,0.1198375292718546,0.3287674543624393,0.3787881907680726,1.0684927569743965,0.5909088117689175,1,1,1,-0.1281407005073284,-0.023195914931270267,0.6445498583556282,-0.023195914931270267,-0.027651622602476965,0.023195914931270316,0.32142901238115795,0.24657575407222188,0.023195914931270316,0.19356135821733916,0.36500000953674316,0.28000009059906006,0.24291101182499208,0,2,0,0
ANVS,bb_v1@288-299#burst:burst_288_296#0|tb:tb_298_299#0,weak,296,298,297,298,299,1,9,0.9383887942810272,0.1042654215867808,0.23450563788051876,0.14705872040716295,0.5393635262307361,0.3382354075521208,1,1,0,-0.10491066700683893,0.1784841055841011,0.9004741366111408,0.1784841055841011,0.19020272478941067,0.0,0.0,0.0,-0.17848410558410102,-1.7118245231046951,0.42642857347215923,0.440000057220459,0.05894308076342014,0,2,0,0
AQMS,bb_v1@253-260#burst:burst_253_255#0|tb:tb_259_260#0,weak,255,256,257,259,260,4,3,0.8024690980101645,0.2674896993367215,1.323966228949622,0.7187783028366029,1.777898100111073,0.6363638990838945,1,1,2,-0.25148283341041167,-0.12328768107564014,0.37173914643451744,-0.12328768107564014,-0.15363542519126203,0.09348439840812034,2.0,1.2483110674028246,0.061643840537820044,0.23045313778689291,0.5287142481122699,0.3299999237060547,4.393475541857084,2,0,0,0
ARBE,bb_v1@249-253#burst:burst_249_251#0|tb:tb_253#0,weak,251,252,252,253,253,2,3,0.31428576050972534,0.10476192016990844,2.11829464141944,0.9166667494508922,1.155433336426981,0.7500001862645538,1,1,1,-0.20000002167441577,-0.038043506077308886,0.2394366504606389,-0.038043506077308886,-0.1210475015336613,0.03804350607730891,0.7142867569333023,0.6740032578406754,0.03804350607730891,0.36314250460098413,0.10385714258466448,0.0979999303817749,0.5483871463930441,1,0,0,0
AVAH,bb_v1@220-236#burst:burst_220_221#0|tb:tb_223_236#0,rise,221,222,222,223,236,2,2,0.578406092777431,0.2892030463887155,0.0,0.8064513648089795,0.48298106178644745,0.27624315699439916,0,0,0,-0.003560408698159323,0.112377861925818,0.23314177328438412,0.112377861925818,0.19428886266773934,0.0,0.0,0.0,-0.11237786192581796,-0.3885777253354785,0.31057138102395193,0.14999985694885254,0.3307994255484171,14,0,0,0
AVAH,bb_v1@220-229#burst:burst_220_222#0|tb:tb_229#0,weak,222,224,227,229,229,6,3,0.7557839947344431,0.2519279982448144,0.5674063763245443,0.6551726972872894,1.1348127526490885,0.8846163016107942,3,4,2,-0.02277935808837761,0.0307467116387643,0.3067050523639385,0.0307467116387643,0.04068187716725551,0.016666651213610204,0.7999987284350533,0.35836147220437276,-0.006149342327752872,-0.024409126300353353,0.33485710620880127,0.15000009536743164,0.39305555537159065,1,0,0,0
BEAT,bb_v1@308-315#burst:burst_308_310#0|tb:tb_315#0,weak,310,312,313,315,315,4,3,0.6967743195802725,0.2322581065267575,2.937294086817355,0.8090910746046478,0.9570955873312731,0.39189183529142646,2,3,2,-0.14383563880827288,0.030418220617857594,0.7361110421242565,0.030418220617857594,0.043655771694027304,0.11726381202737107,3.05785246913489,1.2211225260454173,-0.010139406872619215,-0.04365577169402738,0.3029999988419669,0.12099999189376831,-0.018771353414361425,0,1,0,0
BGDE,bb_v1@255-261#burst:burst_255_259#0|tb:tb_261#0,rise,259,260,260,261,261,2,5,0.8666665818956163,0.17333331637912325,1.5135137573308874,0.6249998509884236,0.0,0.0,1,1,1,-0.17241379688337033,-0.08333331441122305,0.7142857467236177,-0.08333331441122305,-0.09615383372571291,0.08333331441122302,1.3999996185302734,1.3243238610713137,0.08333331441122302,0.48076916862856445,1.05714293888637,1.0,1.1978021056708825,1,0,0,0
BRNS,bb_v1@204-209#burst:burst_204_207#0|tb:tb_209#0,weak,207,208,208,209,209,2,4,0.9313726131845477,0.23284315329613692,0.48922541888535875,0.6315787822586515,0.4076879300714272,0.5263160866714559,1,1,1,-0.39518902455260674,-0.08121831650102218,0.7599999904632568,-0.08121831650102218,-0.08720281802502293,0.08121831650102224,1.6000004768370446,0.6523008825149911,0.08121831650102224,0.34881127210009194,0.24528571111815317,0.10000002384185791,0.015706853991273695,0,1,0,0
BURU,bb_v1@259-266#burst:burst_259_263#0|tb:tb_266#1,weak,263,264,264,266,266,3,5,3.0122699269846755,0.6024539853969351,1.7855075464407018,0.75,0.568115421824765,0.40579696123242437,3,3,1,-0.4823529299567727,-0.2935779950295194,1.6035502641367398,-0.2935779950295194,-0.09746071970495523,0.2935779950295194,6.00000149011643,3.8956524767812692,0.2935779950295194,0.48730359852477617,0.24642856206212724,0.15999996662139893,-0.13476563918811768,0,1,0,0
BWEN,bb_v1@203-206#burst:burst_203_204#0|tb:tb_206#0,weak,204,205,205,206,206,2,2,0.3650793350442705,0.18253966752213524,2.3829782700960607,0.5217391078999472,0.5957439757049833,0.23529411764705882,1,1,1,-0.08914729685073075,-0.027131757873173123,0.23036646371752867,-0.027131757873173123,-0.07431742985365922,0.02713175787317314,0.874998696149095,0.6950346383224805,0.02713175787317314,0.14863485970731855,0.10071430887494769,0.08000004291534424,0.1882353051173511,0,1,0,0
CALC,bb_v1@296-302#burst:burst_296_300#0|tb:tb_302#0,weak,300,301,301,302,302,2,5,0.30395137130541783,0.06079027426108356,0.0,0.9189183267907818,0.3561253709158141,0.21367519974177435,0,0,0,-0.03644643559868643,0.0722610595655202,0.32187498626299216,0.0722610595655202,0.2377388832140208,0.0,0.0,0.0,-0.0722610595655202,-1.188694416070104,0.3509999854224069,0.31999993324279785,0.5351811772753443,1,0,0,0
CATO,bb_v1@230-254#burst:burst_230_237#0|tb:tb_239_254#0,weak,237,238,238,239,254,2,8,0.5316901535558411,0.06646126919448014,0.533724647320648,1.0,0.533724647320648,0.4642857751067348,1,1,1,-0.07692315753797774,-0.029885084434708387,0.34615383439750547,-0.029885084434708387,-0.056207707129505236,0.029885084434708442,0.7222225901519918,0.533724647320648,0.029885084434708442,0.4496616570360427,0.24357150282178605,0.18000006675720215,0.05425608495192451,0,4,0,12
CGTX,bb_v1@196-209#burst:burst_196_200#0|tb:tb_205_209#0,rise,200,201,201,205,209,5,5,1.0895521511716093,0.21791043023432186,1.3023262702310636,0.723809723843216,0.7882498152675375,0.5679010710435592,2,3,1,-0.4682692369413096,-0.19000002639634317,0.5665722279153385,-0.19000002639634317,-0.17438359989655725,0.19000002639634314,3.5000015685437953,2.2790702068715403,0.19000002639634314,0.8719179994827861,0.05835713871887752,0.03799998760223389,4.331949967662922,5,0,0,0
CIRC,bb_v1@223-230#burst:burst_223_226#0|tb:tb_230#0,rise,226,227,228,230,230,4,4,1.3820756902555624,0.3455189225638906,2.606032512056106,0.7586208881011026,1.3854839667871257,0.2978720885875608,2,2,2,-0.4285714285714286,-0.3425742954754859,0.4423077452112252,-0.3425742954754859,-0.24786941691459735,0.2554455745642039,6.789476953386015,4.25541975978094,0.17128714773774298,0.49573883382919476,0.3031428796904428,0.18999993801116943,0.3131312523164531,0,0,0,1
CLPT,bb_v1@251-257#burst:burst_251_255#0|tb:tb_257#0,weak,255,256,256,257,257,2,5,0.9241071075048977,0.18482142150097952,0.3205539963979753,0.27564131563084965,0.4472831911911778,0.4444438165100284,1,1,0,-0.05744485233694474,0.0009280955207309205,0.8679418109251127,0.0009280955207309205,0.0010043159642357817,0.0,0.0,0.0,-0.0009280955207309774,-0.005021579821179217,1.341428620474679,0.6899995803833008,0.3813675592836143,1,0,0,0
CLYM,bb_v1@307-313#burst:burst_307_311#0|tb:tb_313#0,weak,311,312,312,313,313,2,5,1.431578917648653,0.28631578352973064,0.8641974083891392,0.3698629779067633,0.7041602294835895,0.39285680834124515,1,1,1,-0.1831896398903069,-0.08008655729962366,1.0106100695107156,-0.08008655729962366,-0.055942816922146796,0.08008655729962363,2.587411666337382,1.1842702399725888,0.08008655729962363,0.2797140846107338,0.3124285936355591,0.14300000667572021,0.4200912391952296,1,0,0,0
CNET,bb_v1@245-255#burst:burst_245_251#0|tb:tb_253_255#0,weak,251,252,252,253,255,2,7,0.30538929507690615,0.043627042153843734,0.07713491023245218,0.44999946355832493,0.2699721858135827,0.349999582767586,1,1,1,-0.04128447239993338,-0.0045871514481795606,0.24404760679893167,-0.0045871514481795606,-0.01502066877303076,0.00458715144817956,0.04999997019766696,0.03856745511622609,0.00458715144817956,0.1051446814112153,0.2592857224600656,0.19999992847442627,0.14893214496229068,0,2,0,1
COHN,bb_v1@286-291#burst:burst_286_288#0|tb:tb_291#0,rise,288,289,289,291,291,3,3,0.3692466587095862,0.12308221956986205,0.0,0.9608940244044731,0.08933412785094627,0.06521784200105611,0,0,0,-0.05988010450856829,0.019862593888033686,0.2829418926542753,0.019862593888033686,0.05379221021917408,0.0,0.0,0.0,-0.019862593888033624,-0.16137663065752175,0.6691126820751732,0.5294343508277208,1.100280974539308,1,0,0,0
COHN,bb_v1@286-292#burst:burst_286_290#0|tb:tb_292#0,weak,290,292,291,292,292,1,5,0.45502063003769466,0.09100412600753893,0.5965224543662591,0.4579447332206744,0.1339114270090164,0.10280255549138383,1,1,0,0.005726603482062442,0.13371685466582428,0.4351379084644198,0.13371685466582428,0.29386987278960724,0.0,0.0,0.0,-0.13371685466582428,-1.4693493639480364,0.7014398895382173,0.6575238604564095,1.0857323935859902,1,0,0,0
CPPKF,bb_v1@191-199#burst:burst_191_195#0|tb:tb_197_199#0,rise,195,197,196,197,199,1,5,0.180327888074596,0.0360655776149192,0.15053799621286043,0.12903244413509865,0.41398005038196656,0.3548397020538595,1,1,0,-0.02581520891873368,0.01805548794843803,0.21525430423848646,0.01805548794843803,0.10012587704109883,0.0,0.0,0.0,-0.01805548794843801,-0.5006293852054936,0.02657141855784825,0.018000006675720215,0.3229244897464809,3,0,0,0
CRML,bb_v1@183-190#burst:burst_183_184#0|tb:tb_188_190#0,rise,184,185,186,188,190,4,2,0.8819875431476538,0.4409937715738269,3.4497598161005665,0.5852270448996312,1.9090914535439412,0.5749999105930541,2,3,2,-0.4134078353670394,-0.280528023979716,0.42372872589032573,-0.280528023979716,-0.3180634762465718,0.1955719424093332,5.047617858229526,3.550238986102764,0.140264011989858,0.3180634762465718,0.14928571666990006,0.10500001907348633,1.4682355053318779,3,0,0,0
CRML,bb_v1@183-196#burst:burst_183_191#0|tb:tb_193_196#0,weak,191,192,192,193,196,2,9,1.2732919585782523,0.14147688428647248,0.19795019449674922,0.6406246565748569,0.7670553076078804,0.5849055839883471,1,1,1,-0.22597400184666028,-0.14754103486558956,1.0203389633253233,-0.14754103486558956,-0.11587368778354079,0.1475410348655896,1.384616372148299,1.3361616005917232,0.1475410348655896,1.0428631900518672,0.4041428821427481,0.3899998664855957,1.1881215690957336,4,0,0,0
DDC,bb_v1@160-173#burst:burst_160_171#0|tb:tb_173#0,rise,171,172,172,173,173,2,12,1.1056909544767834,0.09214091287306529,0.0,0.5043048778449306,1.1234028128895281,0.47109489851667274,0,0,0,0.11195448856228718,0.2972972997852299,1.211320725519406,0.2972972997852299,0.26887920045064667,0.0,0.0,0.0,-0.29729729978522995,-3.2265504054077603,0.6818571771894183,0.6110000610351562,1.670384610729105,1,0,0,0
DDC,bb_v1@160-177#burst:burst_160_174#0|tb:tb_176_177#0,weak,174,175,175,176,177,2,15,3.3373983377379393,0.22249322251586262,1.540492880367205,1.0,0.7681925985481337,0.23499843301420353,1,1,1,-0.18953962983454664,-0.0627928839272004,2.420754435530089,-0.0627928839272004,-0.01881492035792194,0.06279288392720042,0.7444446475417849,0.6880868982508713,0.06279288392720042,0.2822238053688292,0.9737143346241542,0.8999998569488525,0.8730845183674932,1,0,0,1
DVLT,bb_v1@252-271#burst:burst_252_261#0|tb:tb_268_271#0,rise,261,262,266,268,271,7,10,4.073170589875918,0.4073170589875918,1.4911247760340098,0.810810993673853,1.615384021915534,0.5492957415407553,5,6,4,-0.26484019532468794,-0.18269225478877493,2.8333334870754774,-0.18269225478877493,-0.04485259106084735,0.16666666666666666,1.3571429787850018,1.5739644378771178,0.03653845095775497,0.08970518212169466,0.2414285774741854,0.2799999713897705,1.0474614257748065,2,0,0,2
ELBM,bb_v1@258-271#burst:burst_258_266#0|tb:tb_271#0,weak,266,267,269,271,271,5,9,4.754098210082331,0.5282331344535923,6.578758307620762,0.9280303261209455,1.0908656745220235,0.5241936212647836,5,5,3,-0.8160919472506282,-0.7663817677847864,0.3973799567639873,-0.7663817677847864,-0.16120444591562494,0.5095541562482979,8.888889870035374,8.055622580811988,0.2554605892615955,0.4836133377468748,0.29792856744357515,0.26999998092651367,-0.08173075159625831,0,1,0,0
EQ,bb_v1@216-224#burst:burst_216_222#0|tb:tb_224#0,weak,222,223,223,224,224,2,7,1.2820513290766447,0.1831501898680921,0.9545456872991307,0.6250001241763383,0.6363634122304668,0.7692308750378833,2,2,0,-0.31199998855590816,0.044943845056852894,1.3243243330320884,0.044943845056852894,0.03505619785849153,0.0,0.0,0.0,-0.04494384505685279,-0.24539338500944016,0.1571428562913622,0.0899999737739563,1.5268815984504331,1,0,0,0
EQ,bb_v1@216-232#burst:burst_216_230#0|tb:tb_232#0,weak,230,232,231,232,232,1,15,3.0,0.2,0.49645383005468446,0.5999999046325684,0.03309689570057106,0.039999961853027344,1,1,0,-0.038216598716108385,0.2179487473395696,3.0810810027112057,0.2179487473395696,0.0726495824465232,0.0,0.0,0.0,-0.2179487473395695,-1.0897437366978475,0.3021428521190371,0.25,0.23684207059009532,0,0,0,1
FEAM,bb_v1@262-267#burst:burst_262_265#0|tb:tb_267#0,weak,265,267,266,267,267,1,4,0.2747747239794853,0.06869368099487133,0.49774523663148196,0.17083329690826685,0.2670832334753921,0.09166679249871452,1,1,0,-0.20226669311523438,0.2102473656010002,0.49574995040893555,0.2102473656010002,0.7651626851118128,0.0,0.0,0.0,-0.21024736560100019,-3.060650740447251,0.41185712814331055,0.630000114440918,0.06041225301393616,0,1,0,0
FLUX,bb_v1@246-255#burst:burst_246_253#0|tb:tb_255#0,rise,253,254,254,255,255,2,8,0.8287293079670008,0.1035911634958751,0.0,0.8231175888234687,0.14890433963381827,0.14285704554341058,0,0,1,-0.11764708357286224,-0.0030211452072894662,0.6483516008464383,-0.0030211452072894662,-0.003645515101548412,0.003021145207289472,0.03448273027127105,0.029780867926763658,0.003021145207289472,0.02916412081238735,0.33578572954450336,0.28999996185302734,0.9868421803881267,1,0,0,0
FOCL,bb_v1@235-244#burst:burst_235_237#0|tb:tb_241_244#0,weak,237,238,239,241,244,4,3,0.7468353895551991,0.24894512985173303,1.1300453733052633,0.5312503492460383,1.1300453733052633,0.6428574469625045,2,2,2,-0.18245613976382002,-0.08695652549493671,0.4562499306164691,-0.08695652549493671,-0.11643332213638986,0.08363637057217685,1.5333337042067376,1.443946450112725,0.043478262747468334,0.17464998320458472,0.15928569861820766,0.1499999761581421,0.03673913097142423,0,2,0,2
FULC,bb_v1@145-162#burst:burst_145_154#0|tb:tb_159_162#0,rise,154,156,157,159,162,4,10,0.7082066719519742,0.07082066719519742,1.0759196619319977,0.5426355271046817,0.9063806176684828,0.6650718849566911,2,3,2,-0.22357723230536808,-0.09786471976822664,0.5063091420962664,-0.09786471976822664,-0.13818666731632143,0.06631764627853565,1.0555554819696016,1.2389384520815014,0.03262157325607553,0.46062222438773787,0.3067142793110439,0.3600001335144043,0.4651649638380822,2,0,0,2
GIPR,bb_v1@260-278#burst:burst_260_268#0|tb:tb_272_278#0,weak,268,269,270,272,278,4,9,0.7222222271279541,0.08024691412532824,2.326590003142509,0.8070176377887939,0.35404666134542995,0.3888892715359506,2,2,2,-0.4070351549279899,-0.3118279608484912,0.026086973107379396,-0.3118279608484912,-0.43176178901130036,0.24193547890908274,2.368420339357374,2.27601177085037,0.1559139804242456,1.9429280505508517,1.977142674582345,1.9000005722045898,0.05133078713504285,0,7,0,0
GLSI,bb_v1@308-316#burst:burst_308_313#0|tb:tb_315_316#0,rise,313,314,314,315,316,2,6,0.22551936340963774,0.037586560568272954,0.0,0.7391303987268869,0.6801752818461227,0.7771090566896238,0,0,0,-0.13128815156683438,0.05004034450194461,0.19499998092651372,0.05004034450194461,0.2218893479716434,0.0,0.0,0.0,-0.05004034450194456,-1.3313360878298592,0.9482856478009906,0.6999998092651367,1.4459328674758731,2,0,0,0
GWH,bb_v1@261-271#burst:burst_261_266#0|tb:tb_271#0,weak,266,267,269,271,271,5,6,4.261627930347954,0.710271321724659,6.78238845564977,0.7336241831820989,3.0929453402364233,0.6896550752157865,3,4,3,-0.673756299012036,-0.49723755858115604,1.7424243398496504,-0.49723755858115604,-0.11667784393851519,0.25653590264418674,6.826085063595559,3.4685175452954384,0.16574585286038535,0.23335568787703037,0.45264285802841187,0.23000001907348633,0.1861924325148261,0,1,0,0
HOWL,bb_v1@243-262#burst:burst_243_256#0|tb:tb_261_262#0,weak,256,257,259,261,262,5,14,0.5985401821883398,0.042752870156309984,1.185436299671145,0.6666668704432998,0.41490221028245183,0.26315881935155183,3,4,3,-0.31932776181864886,-0.12328771373571856,0.19999998233936478,-0.12328771373571856,-0.20598068000207245,0.1004566314438607,1.5714289363550054,1.303979788323274,0.04109590457857285,0.9612431733430047,0.16871429341179983,0.13999998569488525,0.07644409360059945,0,2,0,0
HUIZ,bb_v1@242-253#burst:burst_242_245#0|tb:tb_250_253#0,rise,245,246,248,250,253,5,4,0.5767789954487947,0.14419474886219869,5.101215468511124,0.7777776516304044,3.6842101706945525,0.8297873203870296,1,2,1,-0.348785891599656,-0.27315916507060245,0.1337432935611682,-0.27315916507060245,-0.4735941621071965,0.20519480036933208,6.076928578895534,7.462889463360187,0.09105305502353417,0.6314588828095955,0.10585711683545794,0.12999987602233887,0.23201249241758598,0,0,0,4
IMRX,bb_v1@165-191#burst:burst_165_186#0|tb:tb_190_191#0,rise,186,187,188,190,191,4,22,0.9236110214282001,0.04198231915582728,1.4687912492983197,0.7500002292486422,0.818061094864208,0.594594472685939,2,2,2,-0.22895624922784896,-0.11913354728460168,0.6357142863224965,-0.11913354728460168,-0.12898671033654716,0.07581228866172467,1.0000005676635026,0.7808765399408222,0.05956677364230086,1.418853813702019,0.2689286044665745,0.2099999189376831,0.5587099210112999,1,0,0,1
LASE,bb_v1@193-206#burst:burst_193_200#0|tb:tb_206#0,weak,200,202,204,206,206,5,8,0.5124999875823661,0.06406249844779577,2.4655441600493537,0.8214287234812522,0.5538548266776427,0.5833327538437544,1,2,1,-0.22043008788608665,-0.1515151992824586,0.23931632552940396,-0.1515151992824586,-0.2956394203972696,0.17010310988761146,3.0,2.3583466989945587,0.03787879982061466,0.5912788407945393,0.27985710757119314,0.2200000286102295,1.0703363976804425,1,0,0,0
LPCN,bb_v1@312-318#burst:burst_312_314#0|tb:tb_317_318#0,rise,314,315,315,317,318,3,3,0.3492063083586221,0.11640210278620737,0.0,0.7755107998801095,0.2928857353730638,0.2083323399216397,0,0,0,-0.06436775611719059,0.0023529950310201553,0.287567274429136,0.0023529950310201553,0.0067381229224636905,0.0,0.0,0.0,-0.0023529950310202208,-0.020214368767391633,0.2390000138963972,0.16899991035461426,1.5127078544523977,2,0,0,0
LPCN,bb_v1@312-318#burst:burst_312_316#0|tb:tb_318#0,rise,316,317,317,318,318,2,5,0.4634920615698175,0.0926984123139635,0.0,0.7971016596004934,0.2759773852163298,0.13833943672855503,0,0,0,-0.0957080765984687,0.00867678106172498,0.3331224951812821,0.00867678106172498,0.018720452368347556,0.0,0.0,0.0,-0.008676781061724965,-0.0936022618417376,0.2536428655896868,0.21000003814697266,1.3652007343109864,1,0,0,0
LRDC,bb_v1@283-289#burst:burst_283_286#0|tb:tb_288_289#0,rise,286,287,287,288,289,2,4,0.3529411867828105,0.08823529669570263,0.0,0.3749995809049101,2.7096791125982795,0.6666667770455975,0,0,0,-0.4000000158945719,0.043478218616745945,0.3235293627816507,0.043478218616745945,0.12318828248146949,0.0,0.0,0.0,-0.043478218616745966,-0.49275312992587816,0.022142855184418813,0.02000001072883606,0.7865762506522875,2,0,0,0
LRDC,bb_v1@283-293#burst:burst_283_288#0|tb:tb_290_293#0,weak,288,289,289,290,293,2,6,0.5294116925203272,0.0882352820867212,0.19999980415617216,1.0,0.0,0.0,1,1,1,-0.05555561074503923,-0.01923075159625831,0.4999999561730557,-0.01923075159625831,-0.03632475796805325,0.019230751596258297,0.49999925494234,0.19999980415617216,0.019230751596258297,0.21794854780831932,0.05000000127724239,0.02000001072883606,0.5215765574497939,3,1,0,0
MPU,bb_v1@193-208#burst:burst_193_198#0|tb:tb_204_208#0,rise,198,199,201,204,208,6,6,2.0625000139698386,0.34375000232830644,1.7912454052741005,0.8372094377174357,0.8484841333020098,0.4864861730068845,3,4,3,-0.2571428501918783,-0.21224493470007189,1.1927711916239816,-0.21224493470007189,-0.10290663430908258,0.1183673290648299,1.318182187632248,1.3670033386230958,0.07074831156669062,0.20581326861816512,0.2121428336415972,0.21999990940093994,1.0032256819297842,4,1,0,0
MYSE,bb_v1@258-265#burst:burst_258_261#0|tb:tb_263_265#0,weak,261,262,262,263,265,2,4,0.43362832885349034,0.10840708221337259,1.7870341798646454,0.7818931413949546,0.7524356211876159,0.32000017166137695,1,1,1,-0.14893617483836086,-0.12962965279558658,0.2444444232516818,-0.12962965279558658,-0.29894184528563045,0.1296296527955866,2.3728811732885053,1.9751428048575876,0.1296296527955866,1.195767381142522,0.21264289106641496,0.1770000457763672,0.08007883079769895,0,3,0,0
NA,bb_v1@176-181#burst:burst_176_179#0|tb:tb_181#0,weak,179,180,180,181,181,2,4,1.9841690061883148,0.4960422515470787,0.0,0.5054946321750905,2.00891341756903,0.4664310001449046,0,0,0,-0.1482012565295432,0.02740932400008611,1.6396866470154974,0.02740932400008611,0.013814006727552284,0.0,0.0,0.0,-0.027409324000086006,-0.05525602691020893,0.6570714712142944,0.440000057220459,1.6610312548822401,1,0,0,0
NB,bb_v1@141-151#burst:burst_141_143#0|tb:tb_149_151#1,break,143,144,146,149,151,6,3,0.839805857828914,0.27993528594297135,1.871069213334559,0.9000001192092612,0.44025204268529927,0.48936146468059033,2,4,1,-0.39503497495254614,-0.3166227070611909,0.1674418042452699,-0.3166227070611909,-0.3770189313512666,0.25065964571124605,3.5185173902005586,3.485325245345128,0.1055409023537303,0.37701893135126663,0.27257141896656584,0.2700001001358032,0.1583101794497246,0,0,0,3
NCL,bb_v1@146-160#burst:burst_146_149#0|tb:tb_154_160#0,rise,149,151,152,154,160,4,4,0.7808218786608632,0.1952054696652158,1.050000391155482,0.5,0.6222223252425961,0.799999701976936,4,4,2,-0.23913046154272755,-0.06923072102977268,0.7073170589875919,-0.06923072102977268,-0.08866391032549675,0.12351547625384952,2.888891096469334,2.022222846783239,0.023076907009924225,0.11821854710066233,1.645714282989502,1.1519994735717773,2.7624215630612743,7,0,0,0
NMAD,bb_v1@195-216#burst:burst_195_200#0|tb:tb_206_216#0,rise,200,201,202,206,216,6,6,2.5762711676055408,0.4293785279342568,1.6550767330613758,0.833333489162473,0.9541024516442617,0.5783130418996275,1,2,2,-0.3648960627125669,-0.21800945109373682,1.1484375480213211,-0.21800945109373682,-0.08462209018795214,0.16876576107443783,1.4255319904449957,1.3045898244710403,0.10900472554686841,0.2538662705638564,0.5135714411735535,0.4700000286102295,0.5286897771065678,0,0,0,11
NVNXF,bb_v1@260-267#burst:burst_260_265#0|tb:tb_267#0,weak,265,266,266,267,267,2,6,1.2812501105945584,0.21354168509909308,2.5760006523133434,0.7385321891064033,0.7519999831063378,0.21559629390340165,2,2,1,-0.2996555453705291,-0.15068494716579106,1.0,-0.15068494716579106,-0.11760775348996176,0.15068494716579106,2.0754730137023274,1.7600005286081397,0.15068494716579106,0.7056465209397705,0.062499989356313436,0.05299997329711914,0.004615417062884708,0,1,0,0
OSS,bb_v1@176-191#burst:burst_176_184#0|tb:tb_191#0,weak,184,185,189,191,191,7,9,0.6173285378778268,0.06859205976420298,1.6481156052514958,0.8620685016177335,0.5693494949016594,0.5416661285692005,3,5,4,-0.17763156862800455,-0.13616074350833574,0.2755101792567083,-0.13616074350833574,-0.2205644728112064,0.10698685137131289,1.633332830005142,1.468321253526523,0.027232148701667153,0.3970160510601716,0.33371428080967497,0.2999999523162842,0.6537468435720255,1,0,0,0
PPIH,bb_v1@183-207#burst:burst_183_184#0|tb:tb_189_207#0,rise,184,186,187,189,207,4,2,0.5161290744868747,0.25806453724343736,1.8909084123403637,0.7572814904729763,1.1636352346901628,0.4039405997340988,2,3,2,-0.10969170021051411,-0.06292437211620372,0.22484842936197924,-0.06292437211620372,-0.12191596100018562,0.06422799720039192,2.903849363330087,1.8303032775102215,0.02097479070540124,0.08127730733345709,0.8250000136239188,0.5199995040893555,0.3897550863640954,19,0,0,0
PTN,bb_v1@291-303#burst:burst_291_295#0|tb:tb_300_303#0,rise,295,296,298,300,303,5,5,1.1129628973896786,0.2225925794779357,1.1853413426979278,1.0,0.7312551374484126,0.4806200805374288,3,3,3,-0.3407798948417222,-0.2559158733868193,0.5027777088522434,-0.2559158733868193,-0.2299410645108111,0.12357579897180367,1.3960391365189195,1.663015842804262,0.08530529112893977,0.3832351075180185,1.6957142693655831,2.020000457763672,0.5885353169157369,1,0,0,3
PW,bb_v1@218-224#burst:burst_218_222#0|tb:tb_224#0,weak,222,223,223,224,224,2,5,0.23931625951972801,0.0478632519039456,0.0,0.6842104206455369,1.9012339370603089,0.7333334181044375,0,0,0,-0.07741934253323468,0.08275860753552666,0.22222225844916732,0.08275860753552666,0.3458127237222027,0.0,0.0,0.0,-0.08275860753552668,-1.7290636186110138,0.5785713195800781,0.39999961853027344,0.24840768277608882,0,1,0,0
RENT,bb_v1@297-313#burst:burst_297_311#0|tb:tb_313#0,weak,311,312,312,313,313,2,15,0.7995734493413396,0.05330489662275597,0.0,0.24413154788875416,1.2889642763538884,0.718309821318237,0,0,0,-0.0354286193847656,0.035545048062815,0.8627233115376698,0.035545048062815,0.04445501297234889,0.0,0.0,0.0,-0.03554504806281505,-0.6668251945852343,0.5935000351497105,0.43000030517578125,0.15375859026511396,0,1,0,0
RKDA,bb_v1@149-162#burst:burst_149_156#0|tb:tb_161_162#1,weak,156,157,159,161,162,5,8,0.34952346700629167,0.04369043337578646,1.0663502602991741,0.7194240902354685,0.9502375872620878,0.5885285522752339,2,3,3,-0.20273346094611233,-0.11640089601940895,0.12540196722166064,-0.11640089601940895,-0.33302741305582684,0.09580419976831717,0.9693395974437481,0.9739336821852895,0.0388002986731363,0.8880731014822044,0.42199999945504324,0.4240000247955322,0.2681455785576833,0,0,0,2
RKDA,bb_v1@263-276#burst:burst_263_268#0|tb:tb_275_276#0,weak,268,269,273,275,276,7,6,0.6124259244785899,0.10207098741309832,1.6073006343780598,0.9137935853883922,0.49455457043436013,0.5229763386647941,2,2,3,-0.344230757848494,-0.2862384878819487,0.13839145392059993,-0.2862384878819487,-0.46738466880814655,0.2052845477238392,3.7407409696749205,2.081248314023614,0.057247697576389756,0.560861602569776,0.48528567382267546,0.26999998092651367,0.03347560716200171,0,0,0,2
SLNH,bb_v1@243-259#burst:burst_243_253#0|tb:tb_259#0,weak,253,254,257,259,259,6,11,5.603773941387713,0.5094339946716103,0.9999998738526106,0.4864868173816219,1.592591868413135,0.5972221578344699,3,4,4,-0.49142857960292274,-0.32857145581926617,2.2363635141987475,-0.32857145581926617,-0.05863395976638898,0.15999998365129744,2.545453954334178,2.074073747025287,0.08214286395481654,0.16124338935756968,0.2700000149863107,0.2200000286102295,1.0809715817605348,0,0,0,1
SPAI,bb_v1@201-209#burst:burst_201_205#0|tb:tb_209#0,weak,205,206,207,209,209,4,5,0.520979043422944,0.1041958086845888,1.0568693640320117,0.610686599163352,0.42627005274605495,0.235293787656094,2,3,2,-0.22095667874545555,-0.1402298640159051,0.17931033235384408,-0.1402298640159051,-0.2691660361126329,0.08045974995535818,1.272726484566954,1.2330141180499403,0.07011493200795255,0.6729150902815823,0.2838571752820696,0.27500009536743164,1.39164491641779,1,0,0,0
SSP,bb_v1@118-130#burst:burst_118_122#0|tb:tb_129_130#0,weak,122,124,124,129,130,6,5,1.0419581008835355,0.2083916201767071,1.045971626534016,0.6341453605552453,1.689655403354906,0.6562511922097238,1,3,1,-0.05704717482857091,0.034246658648030115,0.6337210240196158,0.034246658648030115,0.03286759670949382,0.10119036777270811,1.6190435924286477,1.3678128771071014,-0.017123329324015033,-0.08216899177373442,0.18689606019428798,0.15789496898651123,0.021752672083285907,0,2,0,0
UAVS,bb_v1@174-186#burst:burst_174_179#0|tb:tb_183_186#0,weak,179,180,181,183,186,4,6,0.8607594793451427,0.14345991322419047,1.147540518270667,0.7692305223476161,0.34426195028489187,0.3846150319251659,4,4,2,-0.31097560665353574,-0.19047616730626094,0.39506171840190385,-0.19047616730626094,-0.22128849217109212,0.1499999446528289,1.9090899238902972,1.2049175099848157,0.0952380836531305,0.6638654765132764,0.17428572263036454,0.11000001430511475,1.6999822787917376,4,0,0,0
VOR,bb_v1@188-196#burst:burst_188_193#0|tb:tb_195_196#0,rise,193,194,194,195,196,2,6,5.750000049670535,0.9583333416117559,0.7750373326953586,0.22499990463256836,3.522898799359687,0.7575758232558126,2,2,1,-0.20689652337472242,-0.1172839804150626,5.000000207320507,-0.1172839804150626,-0.020397213809029927,0.11728398041506259,2.9230784466989475,1.3387019469204535,0.11728398041506259,0.12238328285417954,2.8385714633124217,1.299999713897705,0.9957393784830751,1,0,0,1
VVOS,bb_v1@187-196#burst:burst_187_194#0|tb:tb_196#0,rise,194,195,195,196,196,2,8,0.5604838128206513,0.07006047660258141,0.0,0.8639995574951171,1.4242117923199757,0.701754635464224,0,0,1,-0.21794867092335546,-0.010335907761208851,0.4352941781454307,-0.010335907761208851,-0.018441045976320156,0.010335907761208815,0.14285702121499824,0.14242100945276212,0.010335907761208815,0.14752836781056072,0.28085717133113314,0.2799999713897705,0.7945824192608637,1,0,0,0
WWR,bb_v1@253-263#burst:burst_253_259#0|tb:tb_261_263#0,rise,259,260,260,261,263,2,7,0.4814815359896156,0.06878307656994509,0.0,0.6470586172850588,0.6577176209005448,0.636362946723208,0,0,0,-0.040983664223788296,0.00833332505491069,0.37647049913769615,0.00833332505491069,0.017307673154657418,0.0,0.0,0.0,-0.008333325054910776,-0.12115371208260318,0.10642855082239423,0.10999995470046997,1.553439557266165,3,0,0,0
WWR,bb_v1@253-263#burst:burst_253_261#0|tb:tb_263#0,rise,261,262,262,263,263,2,9,0.7530863616110768,0.08367626240123076,0.8092478578760535,0.49999940395369435,0.32370010784996345,0.25,1,1,0,-0.04761908237394186,0.028169072021973385,0.6470587492814135,0.028169072021973385,0.0374048362284922,0.0,0.0,0.0,-0.02816907202197346,-0.3366435260564307,0.12357141716139657,0.12000000476837158,1.4509804379889628,1,0,0,0
XPON,bb_v1@205-211#burst:burst_205_206#0|tb:tb_211#0,weak,206,207,208,211,211,5,2,0.7400881676114135,0.37004408380570675,0.39033427410087396,0.4999995742524938,4.03345726781009,0.6595743061892952,2,3,2,-0.19375003585591855,-0.13291141293862885,0.4827585687157281,-0.13291141293862885,-0.1795886203228891,0.07594936804365715,2.3076930130729068,1.5613386474540252,0.06645570646931444,0.17958862032288914,0.07685712831360954,0.05199998617172241,2.819444292673364,1,0,0,0
YCBD,bb_v1@309-318#burst:burst_309_312#0|tb:tb_317_318#0,weak,312,313,315,317,318,5,4,2.597464412672722,0.6493661031681806,1.333822459803067,0.7499999322674396,1.8981305742709793,0.7735847613700876,3,4,3,-0.4822134554966273,-0.39647576375344373,0.42236692437963286,-0.39647576375344373,-0.15263953639521885,0.21761656398917037,6.086955394997356,2.1546351521981326,0.13215858791781457,0.20351938186029178,0.19492857371057784,0.0690000057220459,0.09440700530854584,0,2,0,0
ZENA,bb_v1@168-176#burst:burst_168_172#0|tb:tb_174_176#0,weak,172,173,173,174,176,2,5,0.6225165981173775,0.1245033196234755,0.33912587089319307,0.3108109327195449,0.5602943363248105,0.5135131826183781,2,2,1,-0.12777778611752222,-0.012244886043219938,0.5700000127156575,-0.012244886043219938,-0.01966997519463911,0.012244886043219935,0.19999984105425533,0.08846752678812797,0.012244886043219935,0.09834987597319551,0.6782143115997314,0.2999999523162842,0.4035301142208499,0,3,0,0
ZEPP,bb_v1@197-200#burst:burst_197_198#0|tb:tb_200#0,rise,198,199,199,200,200,2,2,0.718120755969305,0.3590603779846525,2.605553894352096,0.7127654879489561,1.5088888734358337,0.4784215109322662,1,1,0,-0.24792243959407556,0.08398443648184317,0.85958893372029,0.08398443648184317,0.11695029809921405,0.0,0.0,0.0,-0.08398443648184321,-0.23390059619842823,0.2571428673607962,0.25100016593933105,8.193760307981988,1,0,0,0
