symbol,match_id,md_tr,md_pct,fr,up,dn,bo
ADAG,bb_v1@292-306#burst:burst_292_298#0|tb:tb_302_306#0,0.7008085023523749,0.06467661484996651,0.6051933743987107,5,0,0
ADNH,bb_v1@223-229#burst:burst_223_227#0|tb:tb_229#0,0.0,0.0,0.3794642415239802,0,1,0
AIFA,bb_v1@151-164#burst:burst_151_160#0|tb:tb_162_164#0,0.9966774531506108,0.08620686347740546,1.1380952140136376,3,0,0
ALTO,bb_v1@284-290#burst:burst_284_288#0|tb:tb_290#0,0.0,0.0,0.5588235912850996,1,0,0
ALTO,bb_v1@284-297#burst:burst_284_289#0|tb:tb_294_297#0,0.26315772962696893,0.024509781005518688,0.4408842320037164,3,0,0
ALTO,bb_v1@284-301#burst:burst_284_293#0|tb:tb_297_301#0,0.3157904313211746,0.027777860562003345,0.25885804924875233,0,0,0
AMBO,bb_v1@225-235#burst:burst_225_227#0|tb:tb_232_235#0,1.2363637624692874,0.08629445371829501,0.8639878836353432,4,0,0
ANIX,bb_v1@174-186#burst:burst_174_179#0|tb:tb_185_186#0,1.7333335452609928,0.07222222148636238,0.023346578880981905,0,0,0
ANVS,bb_v1@288-293#burst:burst_288_291#0|tb:tb_293#0,0.0,0.0,0.6272188798164431,1,0,0
ANVS,bb_v1@288-296#burst:burst_288_292#0|tb:tb_294_296#0,0.0,0.0,0.40448543573305523,1,2,0
ANVS,bb_v1@288-297#burst:burst_288_294#0|tb:tb_296_297#0,0.30000037749591857,0.023195914931270316,0.24291101182499208,0,2,0
ANVS,bb_v1@288-299#burst:burst_288_296#0|tb:tb_298_299#0,0.0,0.0,0.05894308076342014,0,2,0
AQMS,bb_v1@253-260#burst:burst_253_255#0|tb:tb_259_260#0,1.6500002086163312,0.09348439840812034,4.393475541857084,2,0,0
ARBE,bb_v1@249-253#burst:burst_249_251#0|tb:tb_253#0,0.707071400360277,0.03804350607730891,0.5483871463930441,1,0,0
AVAH,bb_v1@220-236#burst:burst_220_221#0|tb:tb_223_236#0,0.0,0.0,0.3307994255484171,14,0,0
AVAH,bb_v1@220-229#burst:burst_220_222#0|tb:tb_229#0,0.6399993896484375,0.016666651213610204,0.39305555537159065,1,0,0
BEAT,bb_v1@308-315#burst:burst_308_310#0|tb:tb_315#0,1.615721050265065,0.11726381202737107,-0.018771353414361425,0,1,0
BGDE,bb_v1@255-261#burst:burst_255_259#0|tb:tb_261#0,1.5555549668677684,0.08333331441122302,1.1978021056708825,1,0,0
BRNS,bb_v1@204-209#burst:burst_204_207#0|tb:tb_209#0,1.3913053393591048,0.08121831650102224,0.015706853991273695,0,1,0
BURU,bb_v1@259-266#burst:burst_259_263#0|tb:tb_266#1,4.987013308711195,0.2935779950295194,-0.13476563918811768,0,1,0
BWEN,bb_v1@203-206#burst:burst_203_204#0|tb:tb_206#0,0.874998696149095,0.02713175787317314,0.1882353051173511,0,1,0
CALC,bb_v1@296-302#burst:burst_296_300#0|tb:tb_302#0,0.0,0.0,0.5351811772753443,1,0,0
CATO,bb_v1@230-254#burst:burst_230_237#0|tb:tb_239_254#0,0.7027026330406587,0.029885084434708442,0.05425608495192451,0,4,0
CGTX,bb_v1@196-209#burst:burst_196_200#0|tb:tb_205_209#0,3.1666673762458437,0.19000002639634314,4.331949967662922,5,0,0
CIRC,bb_v1@223-230#burst:burst_223_226#0|tb:tb_230#0,3.9090917136715544,0.2554455745642039,0.3131312523164531,0,0,0
CLPT,bb_v1@251-257#burst:burst_251_255#0|tb:tb_257#0,0.0,0.0,0.3813675592836143,1,0,0
CLYM,bb_v1@307-313#burst:burst_307_311#0|tb:tb_313#0,2.442243684267677,0.08008655729962363,0.4200912391952296,1,0,0
CNET,bb_v1@245-255#burst:burst_245_251#0|tb:tb_253_255#0,0.046511589223589805,0.00458715144817956,0.14893214496229068,0,2,0
COHN,bb_v1@286-291#burst:burst_286_288#0|tb:tb_291#0,0.0,0.0,1.100280974539308,1,0,0
COHN,bb_v1@286-292#burst:burst_286_290#0|tb:tb_292#0,0.0,0.0,1.0857323935859902,1,0,0
CPPKF,bb_v1@191-199#burst:burst_191_195#0|tb:tb_197_199#0,0.0,0.0,0.3229244897464809,3,0,0
CRML,bb_v1@183-190#burst:burst_183_184#0|tb:tb_188_190#0,5.170730345735943,0.1955719424093332,1.4682355053318779,3,0,0
CRML,bb_v1@183-196#burst:burst_183_191#0|tb:tb_193_196#0,1.3012054214666364,0.1475410348655896,1.1881215690957336,4,0,0
DDC,bb_v1@160-173#burst:burst_160_171#0|tb:tb_173#0,0.0,0.0,1.670384610729105,1,0,0
DDC,bb_v1@160-177#burst:burst_160_174#0|tb:tb_176_177#0,0.8072290817838996,0.06279288392720042,0.8730845183674932,1,0,0
DVLT,bb_v1@252-271#burst:burst_252_261#0|tb:tb_268_271#0,1.3333334727594193,0.16666666666666666,1.0474614257748065,2,0,0
ELBM,bb_v1@258-271#burst:burst_258_266#0|tb:tb_271#0,8.421053952457656,0.5095541562482979,-0.08173075159625831,0,1,0
EQ,bb_v1@216-224#burst:burst_216_222#0|tb:tb_224#0,0.0,0.0,1.5268815984504331,1,0,0
EQ,bb_v1@216-232#burst:burst_216_230#0|tb:tb_232#0,0.0,0.0,0.23684207059009532,0,0,0
FEAM,bb_v1@262-267#burst:burst_262_265#0|tb:tb_267#0,0.0,0.0,0.06041225301393616,0,1,0
FLUX,bb_v1@246-255#burst:burst_246_253#0|tb:tb_255#0,0.03194885501939722,0.003021145207289472,0.9868421803881267,1,0,0
FOCL,bb_v1@235-244#burst:burst_235_237#0|tb:tb_241_244#0,1.4374998835846973,0.08363637057217685,0.03673913097142423,0,2,0
FULC,bb_v1@145-162#burst:burst_145_154#0|tb:tb_159_162#0,1.0340137290151141,0.06631764627853565,0.4651649638380822,2,0,0
GIPR,bb_v1@260-278#burst:burst_260_268#0|tb:tb_272_278#0,2.2670023664093346,0.24193547890908274,0.05133078713504285,0,7,0
GLSI,bb_v1@308-316#burst:burst_308_313#0|tb:tb_315_316#0,0.0,0.0,1.4459328674758731,2,0,0
GWH,bb_v1@261-271#burst:burst_261_266#0|tb:tb_271#0,6.738196680507054,0.25653590264418674,0.1861924325148261,0,1,0
HOWL,bb_v1@243-262#burst:burst_243_256#0|tb:tb_261_262#0,1.5942022851026905,0.1004566314438607,0.07644409360059945,0,2,0
HUIZ,bb_v1@242-253#burst:burst_242_245#0|tb:tb_250_253#0,5.26666724946773,0.20519480036933208,0.23201249241758598,0,0,0
IMRX,bb_v1@165-191#burst:burst_165_186#0|tb:tb_190_191#0,1.0000002838316708,0.07581228866172467,0.5587099210112999,1,0,0
LASE,bb_v1@193-206#burst:burst_193_200#0|tb:tb_206#0,2.237288752015951,0.17010310988761146,1.0703363976804425,1,0,0
LPCN,bb_v1@312-318#burst:burst_312_314#0|tb:tb_317_318#0,0.0,0.0,1.5127078544523977,2,0,0
LPCN,bb_v1@312-318#burst:burst_312_316#0|tb:tb_318#0,0.0,0.0,1.3652007343109864,1,0,0
LRDC,bb_v1@283-289#burst:burst_283_286#0|tb:tb_288_289#0,0.0,0.0,0.7865762506522875,2,0,0
LRDC,bb_v1@283-293#burst:burst_283_288#0|tb:tb_290_293#0,0.3999995231629555,0.019230751596258297,0.5215765574497939,3,1,0
MPU,bb_v1@193-208#burst:burst_193_198#0|tb:tb_204_208#0,1.2083334264656103,0.1183673290648299,1.0032256819297842,4,1,0
MYSE,bb_v1@258-265#burst:burst_258_261#0|tb:tb_263_265#0,2.2281165632571134,0.1296296527955866,0.08007883079769895,0,3,0
NA,bb_v1@176-181#burst:burst_176_179#0|tb:tb_181#0,0.0,0.0,1.6610312548822401,1,0,0
NB,bb_v1@141-151#burst:burst_141_143#0|tb:tb_149_151#1,3.2758613177062332,0.25065964571124605,0.1583101794497246,0,0,0
NCL,bb_v1@146-160#burst:burst_146_149#0|tb:tb_154_160#0,2.4186055215389364,0.12351547625384952,2.7624215630612743,7,0,0
NMAD,bb_v1@195-216#burst:burst_195_200#0|tb:tb_206_216#0,1.3958334368136154,0.16876576107443783,0.5286897771065678,0,0,0
NVNXF,bb_v1@260-267#burst:burst_260_265#0|tb:tb_267#0,2.037038232809778,0.15068494716579106,0.004615417062884708,0,1,0
OSS,bb_v1@176-191#burst:burst_176_184#0|tb:tb_191#0,1.5076919352513685,0.10698685137131289,0.6537468435720255,1,0,0
PPIH,bb_v1@183-207#burst:burst_183_184#0|tb:tb_189_207#0,2.537816405608248,0.06422799720039192,0.3897550863640954,19,0,0
PTN,bb_v1@291-303#burst:burst_291_295#0|tb:tb_300_303#0,1.3146848918457974,0.12357579897180367,0.5885353169157369,1,0,0
PW,bb_v1@218-224#burst:burst_218_222#0|tb:tb_224#0,0.0,0.0,0.24840768277608882,0,1,0
RENT,bb_v1@297-313#burst:burst_297_311#0|tb:tb_313#0,0.0,0.0,0.15375859026511396,0,1,0
RKDA,bb_v1@149-162#burst:burst_149_156#0|tb:tb_161_162#1,0.9625292020851294,0.09580419976831717,0.2681455785576833,0,0,0
RKDA,bb_v1@263-276#burst:burst_263_268#0|tb:tb_275_276#0,3.96078435039117,0.2052845477238392,0.03347560716200171,0,0,0
SLNH,bb_v1@243-259#burst:burst_243_253#0|tb:tb_259#0,2.488888370843636,0.15999998365129744,1.0809715817605348,0,0,0
SPAI,bb_v1@201-209#burst:burst_201_205#0|tb:tb_209#0,1.2499992549421814,0.08045974995535818,1.39164491641779,1,0,0
SSP,bb_v1@118-130#burst:burst_118_122#0|tb:tb_129_130#0,1.3333304317981725,0.10119036777270811,0.021752672083285907,0,2,0
UAVS,bb_v1@174-186#burst:burst_174_179#0|tb:tb_183_186#0,1.4999992549420227,0.1499999446528289,1.6999822787917376,4,0,0
VOR,bb_v1@188-196#burst:burst_188_193#0|tb:tb_195_196#0,1.7674425103459808,0.11728398041506259,0.9957393784830751,1,0,0
VVOS,bb_v1@187-196#burst:burst_187_194#0|tb:tb_196#0,0.12965954824113127,0.010335907761208815,0.7945824192608637,1,0,0
WWR,bb_v1@253-263#burst:burst_253_259#0|tb:tb_261_263#0,0.0,0.0,1.553439557266165,3,0,0
WWR,bb_v1@253-263#burst:burst_253_261#0|tb:tb_263#0,0.0,0.0,1.4509804379889628,1,0,0
XPON,bb_v1@205-211#burst:burst_205_206#0|tb:tb_211#0,2.352941313966888,0.07594936804365715,2.819444292673364,1,0,0
YCBD,bb_v1@309-318#burst:burst_309_312#0|tb:tb_317_318#0,6.2222220259929255,0.21761656398917037,0.09440700530854584,0,2,0
ZENA,bb_v1@168-176#burst:burst_168_172#0|tb:tb_174_176#0,0.18181798477805944,0.012244886043219935,0.4035301142208499,0,3,0
ZEPP,bb_v1@197-200#burst:burst_197_198#0|tb:tb_200#0,0.0,0.0,8.193760307981988,1,0,0
