S,tau,scen,mode,cv_bias,cv_mean,P_switch,G_gate,G_nogate,dims_kept,rule,G_F,G_S,P_switch_to_worse,report_bias_when_switch,r,split,cv_sd,G_F_gate,G_S_gate,G_F_written,P_write,relax_share_selected,G_F_selected_nogate
S3,0.0,null,A_全数据剪枝,0.7242235156583025,0.7242235156583025,0.22425,0.0,0.0,0.5395,,,,,,,,,,,,,,
S3,0.0,null,B_折内剪枝,-0.010046612889841605,-0.010046612889841605,0.1375,0.0,0.0,0.5395,,,,,,,,,,,,,,
S3,0.0,null,C_不剪枝,-0.03414544455601653,-0.03414544455601653,0.4815,0.0,0.0,12.0,,,,,,,,,,,,,,
S3,0.0,one+3,A_全数据剪枝,1.1576873657187732,3.1459373657187735,0.73225,1.9695,1.98825,1.16875,,,,,,,,,,,,,,
S3,0.0,one+3,B_折内剪枝,-0.817222590097714,1.171027409902286,0.59725,1.6425,1.98825,1.16875,,,,,,,,,,,,,,
S3,0.0,one+3,C_不剪枝,-0.047545548814538756,2.927704451185461,0.7895,2.358,2.97525,12.0,,,,,,,,,,,,,,
S7,0.0,null,,,,0.276,,,,E0_中心=格均值_>δ才换,0.0,0.0,0.0,3.5337879877925684,,,,,,,,,
S7,0.0,null,,,,0.142,,,,E0_中心=0_>δ才换,0.0,0.0,0.0,2.8913665367881736,,,,,,,,,
S7,0.0,null,,,,0.4775,,,,argmax+整年留出>0才换,0.0,0.0,0.0,2.920904180072269,,,,,,,,,
S7,0.0,null,,,,0.99975,,,,argmax 不设门,0.0,0.0,0.0,,,,,,,,,,
S6,0.0,null,,0.13457063962966603,,0.5,,,,pooled,0.0,0.0,,,0.0,i_整年2折,3.572095783407438,0.0,0.0,,,,
S6,0.0,null,,0.13457063962966603,,0.5,,,,worst,0.0,0.0,,,0.0,i_整年2折,3.572095783407438,0.0,0.0,,,,
S6,0.0,null,,0.14764354259247908,,0.484,,,,pooled,0.0,0.0,,,0.0,ii_半年4折_purge,3.6200630941356193,0.0,0.0,,,,
S6,0.0,null,,0.17020367732932118,,0.497,,,,worst,0.0,0.0,,,0.0,ii_半年4折_purge,3.2422642262955823,0.0,0.0,,,,
S6,0.0,null,,-0.1992358374880341,,0.452,,,,pooled,0.0,0.0,,,0.5,i_整年2折,3.2993324343100148,0.0,0.0,,,,
S6,0.0,null,,-0.1992358374880341,,0.452,,,,worst,0.0,0.0,,,0.5,i_整年2折,3.2993324343100148,0.0,0.0,,,,
S6,0.0,null,,-0.2477787440716278,,0.477,,,,pooled,0.0,0.0,,,0.5,ii_半年4折_purge,3.353565244264164,0.0,0.0,,,,
S6,0.0,null,,-0.10271094924155305,,0.466,,,,worst,0.0,0.0,,,0.5,ii_半年4折_purge,3.1295049951181184,0.0,0.0,,,,
S6,0.0,null,,-0.10281160895552549,,0.481,,,,pooled,0.0,0.0,,,1.0,i_整年2折,3.448900071914594,0.0,0.0,,,,
S6,0.0,null,,-0.10281160895552549,,0.481,,,,worst,0.0,0.0,,,1.0,i_整年2折,3.448900071914594,0.0,0.0,,,,
S6,0.0,null,,-0.14655893065811312,,0.468,,,,pooled,0.0,0.0,,,1.0,ii_半年4折_purge,3.5018733922249465,0.0,0.0,,,,
S6,0.0,null,,-0.15304927359531745,,0.459,,,,worst,0.0,0.0,,,1.0,ii_半年4折_purge,3.210409438348992,0.0,0.0,,,,
S7,0.0,one+3,,,,0.6775,,,,E0_中心=格均值_>δ才换,1.77225,1.77225,0.0,2.0034183466564,,,,,,,,,
S7,0.0,one+3,,,,0.5,,,,E0_中心=0_>δ才换,1.4715,1.4715,0.0,0.8045290865584175,,,,,,,,,
S7,0.0,one+3,,,,0.78775,,,,argmax+整年留出>0才换,2.349,2.349,0.0,1.2952234382244903,,,,,,,,,
S7,0.0,one+3,,,,1.0,,,,argmax 不设门,2.97225,2.97225,0.0,,,,,,,,,,
S6,0.0,one+3,,-0.037316436221399775,,0.798,,,,pooled,2.988,2.988,,,0.0,i_整年2折,3.600144745855629,2.391,2.391,,,,
S6,0.0,one+3,,0.03168356377860023,,0.798,,,,worst,2.919,2.919,,,0.0,i_整年2折,3.5822963819052074,2.355,2.355,,,,
S6,0.0,one+3,,0.05206971827480192,,0.802,,,,pooled,2.988,2.988,,,0.0,ii_半年4折_purge,3.564502056837762,2.4,2.4,,,,
S6,0.0,one+3,,-0.0880978680347588,,0.798,,,,worst,2.829,2.829,,,0.0,ii_半年4折_purge,3.289168593251004,2.304,2.304,,,,
S6,0.0,one+3,,-0.13089698272537567,,0.787,,,,pooled,2.967,2.967,,,0.5,i_整年2折,3.741901119205348,2.355,2.355,,,,
S6,0.0,one+3,,-0.09189698272537566,,0.787,,,,worst,2.928,2.928,,,0.5,i_整年2折,3.7303330158675303,2.334,2.334,,,,
S6,0.0,one+3,,0.008340720928319377,,0.784,,,,pooled,2.967,2.967,,,0.5,ii_半年4折_purge,3.736627876614654,2.34,2.34,,,,
S6,0.0,one+3,,-0.03682990357822633,,0.788,,,,worst,2.82,2.82,,,0.5,ii_半年4折_purge,3.385003561819292,2.259,2.259,,,,
S6,0.0,one+3,,-0.11025803111384094,,0.782,,,,pooled,2.967,2.967,,,1.0,i_整年2折,3.558914883061756,2.34,2.34,,,,
S6,0.0,one+3,,-0.04425803111384095,,0.782,,,,worst,2.901,2.901,,,1.0,i_整年2折,3.57038962229715,2.292,2.292,,,,
S6,0.0,one+3,,0.06378563467566316,,0.802,,,,pooled,2.967,2.967,,,1.0,ii_半年4折_purge,3.677368007565373,2.397,2.397,,,,
S6,0.0,one+3,,-0.031826364224786595,,0.802,,,,worst,2.793,2.793,,,1.0,ii_半年4折_purge,3.321881092969516,2.301,2.301,,,,
S7,0.0,nearopt,,,,0.0275,,,,E0_中心=格均值_>δ才换,-0.029798927362396612,-0.029798927362396612,0.0275,4.005571917621162,,,,,,,,,
S7,0.0,nearopt,,,,0.125,,,,E0_中心=0_>δ才换,-0.15386478676768603,-0.15386478676768603,0.125,3.9432752287428827,,,,,,,,,
S7,0.0,nearopt,,,,0.18875,,,,argmax+整年留出>0才换,-0.41036707410626777,-0.41036707410626777,0.18875,3.7215141741526456,,,,,,,,,
S7,0.0,nearopt,,,,0.982,,,,argmax 不设门,-1.806970019816009,-1.806970019816009,0.982,,,,,,,,,,
S6,0.0,nearopt,,-0.5610406100582074,,0.191,,,,pooled,-1.8282252032360333,-1.8282252032360333,,,0.0,i_整年2折,3.33427154957194,-0.4481389724700304,-0.4481389724700304,,,,
S6,0.0,nearopt,,-0.6592991963468344,,0.191,,,,worst,-1.7299666169474062,-1.7299666169474062,,,0.0,i_整年2折,3.374910528538075,-0.4332317970717865,-0.4332317970717865,,,,
S6,0.0,nearopt,,-0.3264755095243844,,0.208,,,,pooled,-1.8282252032360333,-1.8282252032360333,,,0.0,ii_半年4折_purge,3.0663741264846367,-0.47570152969946644,-0.47570152969946644,,,,
S6,0.0,nearopt,,-0.6109085651132645,,0.182,,,,worst,-1.144662732421494,-1.144662732421494,,,0.0,ii_半年4折_purge,2.790993578824738,-0.35441811950206636,-0.35441811950206636,,,,
S6,0.0,nearopt,,-0.6298548313044194,,0.191,,,,pooled,-1.810380974954486,-1.810380974954486,,,0.5,i_整年2折,3.3566973516186556,-0.4465930778697349,-0.4465930778697349,,,,
S6,0.0,nearopt,,-0.8125086269359522,,0.191,,,,worst,-1.6277271793229533,-1.6277271793229533,,,0.5,i_整年2折,3.4470368396191433,-0.4296977620469579,-0.4296977620469579,,,,
S6,0.0,nearopt,,-0.44788347384834865,,0.192,,,,pooled,-1.810380974954486,-1.810380974954486,,,0.5,ii_半年4折_purge,3.1342666786881086,-0.4336786448317771,-0.4336786448317771,,,,
S6,0.0,nearopt,,-0.7010689621432339,,0.182,,,,worst,-1.102291144087329,-1.102291144087329,,,0.5,ii_半年4折_purge,2.991768842231054,-0.3675191683410944,-0.3675191683410944,,,,
S6,0.0,nearopt,,-0.5448952417205722,,0.182,,,,pooled,-1.8255333071622601,-1.8255333071622601,,,1.0,i_整年2折,3.274214127375044,-0.40179586296010267,-0.40179586296010267,,,,
S6,0.0,nearopt,,-0.720446834302805,,0.182,,,,worst,-1.6499817145800275,-1.6499817145800275,,,1.0,i_整年2折,3.2966017299637365,-0.3670650517501863,-0.3670650517501863,,,,
S6,0.0,nearopt,,-0.39244186932300873,,0.199,,,,pooled,-1.8255333071622601,-1.8255333071622601,,,1.0,ii_半年4折_purge,3.1291463202720506,-0.4318483819974101,-0.4318483819974101,,,,
S6,0.0,nearopt,,-0.6095817024608386,,0.192,,,,worst,-1.105495211276837,-1.105495211276837,,,1.0,ii_半年4折_purge,2.9851540135190024,-0.38615673277413803,-0.38615673277413803,,,,
S3,0.9,null,A_全数据剪枝,1.2401743028160395,1.2553817956417195,0.34775,0.016008352933047667,0.01520749282568019,0.88725,,,,,,,,,,,,,,
S3,0.9,null,B_折内剪枝,-0.00831314420142944,0.0068943486242507524,0.22475,0.01774899997396749,0.01520749282568019,0.88725,,,,,,,,,,,,,,
S3,0.9,null,C_不剪枝,-0.06442440101868752,0.0258015083085362,0.49775,0.05656026626712543,0.09022590932722371,12.0,,,,,,,,,,,,,,
S3,0.9,one+3,A_全数据剪枝,1.6412597737048567,3.565605260729171,0.753,1.8944472609323824,1.9243454870243144,1.4535,,,,,,,,,,,,,,
S3,0.9,one+3,B_折内剪枝,-0.7277585661060777,1.1965869209182365,0.608,1.5876962885065846,1.9243454870243144,1.4535,,,,,,,,,,,,,,
S3,0.9,one+3,C_不剪枝,-0.12446195002968688,2.8608279604791824,0.747,2.2339029255513734,2.985289910508869,12.0,,,,,,,,,,,,,,
S7,0.9,null,,,,0.337,,,,E0_中心=格均值_>δ才换,-0.013924692027052002,0.0,0.0,3.960641909019522,,,,,,,,,
S7,0.9,null,,,,0.20125,,,,E0_中心=0_>δ才换,-0.014264315275029069,0.0,0.0,3.3880809115551824,,,,,,,,,
S7,0.9,null,,,,0.48575,,,,argmax+整年留出>0才换,0.03798822904892432,0.0,0.0,3.2209995922228543,,,,,,,,,
S7,0.9,null,,,,0.99975,,,,argmax 不设门,0.06402097785825464,0.0,0.0,,,,,,,,,,
S6,0.9,null,,0.26647744261769596,,0.504,,,,pooled,-0.05491255538319214,0.0,,,0.0,i_整年2折,4.550960634263278,-0.009254815804176341,0.0,,,,
S6,0.9,null,,0.2050833882569357,,0.504,,,,worst,0.006481498977568073,0.0,,,0.0,i_整年2折,4.530959630247364,0.027061984592756765,0.0,,,,
S6,0.9,null,,0.17959070186531514,,0.501,,,,pooled,-0.05491255538319214,0.0,,,0.0,ii_半年4折_purge,4.501634350047754,-0.010228094890057217,0.0,,,,
S6,0.9,null,,0.24173281995309673,,0.508,,,,worst,-0.07967238509604435,0.0,,,0.0,ii_半年4折_purge,4.103814886883441,-0.023617612545899253,0.0,,,,
S6,0.9,null,,0.21563341506987574,,0.509,,,,pooled,-0.035542282405454706,0.0,,,0.5,i_整年2折,4.622768338596165,-0.0343267196553049,0.0,,,,
S6,0.9,null,,0.26343572243685176,,0.509,,,,worst,-0.08334458977243074,0.0,,,0.5,i_整年2折,4.5735782429447225,-0.07867636161341274,0.0,,,,
S6,0.9,null,,0.5339220110591837,,0.527,,,,pooled,-0.035542282405454706,0.0,,,0.5,ii_半年4折_purge,4.618535694721452,-0.06991889200348396,0.0,,,,
S6,0.9,null,,0.49896853835593447,,0.529,,,,worst,-0.03074056692351926,0.0,,,0.5,ii_半年4折_purge,4.146384107929945,-0.07181304744130396,0.0,,,,
S6,0.9,null,,0.15031857771565665,,0.481,,,,pooled,-0.16543510522646315,0.0,,,1.0,i_整年2折,4.574261657083833,-0.06139379436064208,0.0,,,,
S6,0.9,null,,0.14096254060196178,,0.481,,,,worst,-0.1560790681127683,0.0,,,1.0,i_整年2折,4.567458070908459,-0.06974626262341663,0.0,,,,
S6,0.9,null,,0.8088763335460628,,0.547,,,,pooled,-0.16543510522646315,0.0,,,1.0,ii_半年4折_purge,4.534263913435434,-0.052535990659907356,0.0,,,,
S6,0.9,null,,0.6476680195160299,,0.532,,,,worst,-0.07765131106993323,0.0,,,1.0,ii_半年4折_purge,4.1067575740463695,-0.0011351240296446506,0.0,,,,
S7,0.9,one+3,,,,0.677,,,,E0_中心=格均值_>δ才换,1.7122263403607687,1.6815,0.0,2.446306614847078,,,,,,,,,
S7,0.9,one+3,,,,0.51,,,,E0_中心=0_>δ才换,1.5050415083815751,1.47975,0.0,1.2173155077115596,,,,,,,,,
S7,0.9,one+3,,,,0.746,,,,argmax+整年留出>0才换,2.2282052557151486,2.21775,0.0,1.5645904358063143,,,,,,,,,
S7,0.9,one+3,,,,1.0,,,,argmax 不设门,2.9611065314973093,2.9475,0.0,,,,,,,,,,
S6,0.9,one+3,,-0.3470281748879874,,0.736,,,,pooled,3.0114588947195107,2.958,,,0.0,i_整年2折,4.605943478368022,2.2195776052908975,2.19,,,,
S6,0.9,one+3,,-0.26954576029275507,,0.736,,,,worst,2.9339764801242785,2.904,,,0.0,i_整年2折,4.585638739435082,2.139896151810032,2.154,,,,
S6,0.9,one+3,,-0.3150483940035844,,0.751,,,,pooled,3.0114588947195107,2.958,,,0.0,ii_半年4折_purge,4.578806067588129,2.3065636901312536,2.235,,,,
S6,0.9,one+3,,-0.2513866185793884,,0.743,,,,worst,2.8045738865077965,2.757,,,0.0,ii_半年4折_purge,4.268927254295386,2.1316874825769325,2.109,,,,
S6,0.9,one+3,,-0.18807428758365263,,0.727,,,,pooled,2.913154478846238,2.94,,,0.5,i_整年2折,4.847779859545224,2.1153139045132168,2.157,,,,
S6,0.9,one+3,,-0.16369568978781346,,0.727,,,,worst,2.8887758810503987,2.874,,,0.5,i_整年2折,4.886777467189325,2.0882437543477703,2.124,,,,
S6,0.9,one+3,,0.27908228360378157,,0.753,,,,pooled,2.913154478846238,2.94,,,0.5,ii_半年4折_purge,4.798681857563689,2.180282852221271,2.232,,,,
S6,0.9,one+3,,0.16692484821304548,,0.757,,,,worst,2.7265338013533245,2.682,,,0.5,ii_半年4折_purge,4.316706686782997,2.152829710598926,2.148,,,,
S6,0.9,one+3,,-0.00024898259879394403,,0.736,,,,pooled,2.825933561364875,2.943,,,1.0,i_整年2折,4.745643499534698,2.0978371551350774,2.187,,,,
S6,0.9,one+3,,0.056316289063130395,,0.736,,,,worst,2.76936828970295,2.874,,,1.0,i_整年2折,4.662793253732684,2.068464767353438,2.154,,,,
S6,0.9,one+3,,0.6545565196579067,,0.792,,,,pooled,2.825933561364875,2.943,,,1.0,ii_半年4折_purge,4.737666884736841,2.260058525862624,2.355,,,,
S6,0.9,one+3,,0.4558091713969734,,0.797,,,,worst,2.7114681327816035,2.778,,,1.0,ii_半年4折_purge,4.373772411369032,2.240403345862269,2.292,,,,
S7,0.9,nearopt,,,,0.064,,,,E0_中心=格均值_>δ才换,-0.06372951204985722,-0.07366765248454872,0.064,4.072604752078509,,,,,,,,,
S7,0.9,nearopt,,,,0.20575,,,,E0_中心=0_>δ才换,-0.2575251006234063,-0.26586738465318926,0.20575,4.139161351056169,,,,,,,,,
S7,0.9,nearopt,,,,0.19725,,,,argmax+整年留出>0才换,-0.45853951045747626,-0.4761469178904456,0.19725,4.249676508340103,,,,,,,,,
S7,0.9,nearopt,,,,0.98825,,,,argmax 不设门,-1.9433736550194307,-1.979709120841669,0.98825,,,,,,,,,,
S6,0.9,nearopt,,-0.5041237396848571,,0.2,,,,pooled,-2.0561609655010855,-2.0160804548015165,,,0.0,i_整年2折,4.059676958573042,-0.5052533277409602,-0.479862756570306,,,,
S6,0.9,nearopt,,-0.739871492189608,,0.2,,,,worst,-1.8204132129963349,-1.7873585902389368,,,0.0,i_整年2折,4.071696541379536,-0.4811904109359947,-0.46313689303159195,,,,
S6,0.9,nearopt,,-0.22789907321865405,,0.219,,,,pooled,-2.0561609655010855,-2.0160804548015165,,,0.0,ii_半年4折_purge,3.9035961139330846,-0.5459194438469185,-0.5023350714057325,,,,
S6,0.9,nearopt,,-0.5147335365921732,,0.216,,,,worst,-1.373000035461711,-1.3222907472548202,,,0.0,ii_半年4折_purge,3.6738909295500646,-0.4866975995540331,-0.4642190070461565,,,,
S6,0.9,nearopt,,-0.6148773091330914,,0.207,,,,pooled,-2.0171058726631843,-2.041548600782635,,,0.5,i_整年2折,4.137668950312676,-0.5008745985605917,-0.5198829071741604,,,,
S6,0.9,nearopt,,-0.7944640757938329,,0.207,,,,worst,-1.837519106002443,-1.8423722752539382,,,0.5,i_整年2折,4.086019209061656,-0.45288796837499423,-0.48945029723064726,,,,
S6,0.9,nearopt,,0.016817570826143977,,0.254,,,,pooled,-2.0171058726631843,-2.041548600782635,,,0.5,ii_半年4折_purge,3.8846251808499943,-0.5918901589699593,-0.6123810893618655,,,,
S6,0.9,nearopt,,-0.22588460446427097,,0.254,,,,worst,-1.2571890212129888,-1.2406724888356588,,,0.5,ii_半年4折_purge,3.573750794023997,-0.5129548391929013,-0.5033336644596825,,,,
S6,0.9,nearopt,,-0.8539878240135613,,0.18,,,,pooled,-1.9325302726421485,-1.9806692833666828,,,1.0,i_整年2折,4.04204696568459,-0.38308451629120865,-0.41471163415284945,,,,
S6,0.9,nearopt,,-1.0708973716072154,,0.18,,,,worst,-1.7156207250484943,-1.7983400007039148,,,1.0,i_整年2折,4.041213597805128,-0.36266619203703865,-0.3913807534918312,,,,
S6,0.9,nearopt,,-0.03721579653664659,,0.243,,,,pooled,-1.9325302726421485,-1.9806692833666828,,,1.0,ii_半年4折_purge,3.8396252779932114,-0.5200719498060087,-0.5545655856693195,,,,
S6,0.9,nearopt,,-0.3429579969369542,,0.23,,,,worst,-1.2539537905650195,-1.281277153318809,,,1.0,ii_半年4折_purge,3.446506035412695,-0.4251134477650215,-0.475410853431807,,,,
S3,1.8,null,A_全数据剪枝,2.7644605891286558,2.7301529467314922,0.5895,-0.041316113458036055,-0.034307642397163385,1.94,,,,,,,,,,,,,,
S3,1.8,null,B_折内剪枝,0.04706816972145029,0.012760527324286909,0.36975,-0.03567916659375394,-0.034307642397163385,1.94,,,,,,,,,,,,,,
S3,1.8,null,C_不剪枝,0.07195712415216379,0.03704562369597478,0.4875,-0.036659587886983064,-0.034911500456188994,12.0,,,,,,,,,,,,,,
S3,1.8,one+3,A_全数据剪枝,3.0507805185452397,4.896300331251786,0.81575,1.784944193502799,1.845519812706546,2.37975,,,,,,,,,,,,,,
S3,1.8,one+3,B_折内剪枝,-0.5939438879168228,1.2515759247897231,0.60975,1.4208461515406698,1.845519812706546,2.37975,,,,,,,,,,,,,,
S3,1.8,one+3,C_不剪枝,-0.22418608955982255,2.664612047109661,0.6845,2.027890972453678,2.8887981366694833,12.0,,,,,,,,,,,,,,
S7,1.8,null,,,,0.4265,,,,E0_中心=格均值_>δ才换,0.008745456436568315,0.0,0.0,4.775643629162406,,,,,,,,,
S7,1.8,null,,,,0.3205,,,,E0_中心=0_>δ才换,0.03108635580083486,0.0,0.0,4.116747571777972,,,,,,,,,
S7,1.8,null,,,,0.48625,,,,argmax+整年留出>0才换,0.08182035980246458,0.0,0.0,3.8734689275732292,,,,,,,,,
S7,1.8,null,,,,0.9995,,,,argmax 不设门,-0.03666482739730314,0.0,0.0,,,,,,,,,,
S6,1.8,null,,-0.0799392387595758,,0.467,,,,pooled,0.013974798706735285,0.0,,,0.0,i_整年2折,6.573399202117441,0.03799246377543788,0.0,,,,
S6,1.8,null,,0.08576794366888243,,0.467,,,,worst,-0.151732383721723,0.0,,,0.0,i_整年2折,6.436674417751504,-0.0386618317122637,0.0,,,,
S6,1.8,null,,-0.20672249773066756,,0.466,,,,pooled,0.013974798706735285,0.0,,,0.0,ii_半年4折_purge,6.845918929106132,-0.08362106745020129,0.0,,,,
S6,1.8,null,,-0.09334050770246886,,0.463,,,,worst,-0.022449620640430826,0.0,,,0.0,ii_半年4折_purge,5.853059662863463,0.05892005253817334,0.0,,,,
S6,1.8,null,,0.39363917864755305,,0.511,,,,pooled,-0.17819575245198854,0.0,,,0.5,i_整年2折,7.01103435500046,-0.23005762994239423,0.0,,,,
S6,1.8,null,,0.4481869069510443,,0.511,,,,worst,-0.23274348075547976,0.0,,,0.5,i_整年2折,6.864700574589574,-0.24463094740260932,0.0,,,,
S6,1.8,null,,1.6920034679395977,,0.612,,,,pooled,-0.17819575245198854,0.0,,,0.5,ii_半年4折_purge,6.959806595540351,-0.16418650101376212,0.0,,,,
S6,1.8,null,,1.576894793890159,,0.608,,,,worst,-0.15396847228854554,0.0,,,0.5,ii_半年4折_purge,6.237726714217379,-0.23792462147846466,0.0,,,,
S6,1.8,null,,-0.11021419808377722,,0.479,,,,pooled,0.013173201783164955,0.0,,,1.0,i_整年2折,6.93789586423034,-0.06188190538551156,0.0,,,,
S6,1.8,null,,-0.06967349130427528,,0.479,,,,worst,-0.02736750499633696,0.0,,,1.0,i_整年2折,6.917182103824643,-0.10283596532574746,0.0,,,,
S6,1.8,null,,1.9035336383953114,,0.62,,,,pooled,0.013173201783164955,0.0,,,1.0,ii_半年4折_purge,6.764760412297475,-0.016925789571870874,0.0,,,,
S6,1.8,null,,2.0667801896149376,,0.654,,,,worst,-0.05424505836890214,0.0,,,1.0,ii_半年4折_purge,6.129783756429708,-0.028520829793437712,0.0,,,,
S7,1.8,one+3,,,,0.6735,,,,E0_中心=格均值_>δ才换,1.5609839979531845,1.5135,0.0,3.736111832741339,,,,,,,,,
S7,1.8,one+3,,,,0.513,,,,E0_中心=0_>δ才换,1.4408017867041079,1.40475,0.0,2.5465063242582344,,,,,,,,,
S7,1.8,one+3,,,,0.69525,,,,argmax+整年留出>0才换,2.082183357270171,2.0295,0.0,2.3603965121933803,,,,,,,,,
S7,1.8,one+3,,,,1.0,,,,argmax 不设门,2.953530188169887,2.8665,0.0,,,,,,,,,,
S6,1.8,one+3,,-0.12274925747639946,,0.693,,,,pooled,2.859368795605106,2.862,,,0.0,i_整年2折,6.919719017523486,2.059412951792512,2.022,,,,
S6,1.8,one+3,,0.07337070144626226,,0.693,,,,worst,2.663248836682445,2.769,,,0.0,i_整年2折,6.7446811229693004,1.968095783453542,1.959,,,,
S6,1.8,one+3,,-0.019278880431659515,,0.703,,,,pooled,2.859368795605106,2.862,,,0.0,ii_半年4折_purge,6.959305560049616,2.1048542348337023,2.049,,,,
S6,1.8,one+3,,0.1391081322480998,,0.694,,,,worst,2.4248292716325395,2.532,,,0.0,ii_半年4折_purge,6.242583004638021,1.8106897161500506,1.872,,,,
S6,1.8,one+3,,-0.28853481306410106,,0.678,,,,pooled,2.6989842260703374,2.838,,,0.5,i_整年2折,7.1405919517012695,1.8877991415235087,1.962,,,,
S6,1.8,one+3,,-0.20140492869281984,,0.678,,,,worst,2.611854341699056,2.781,,,0.5,i_整年2折,6.874981063698803,1.8891383816157226,1.941,,,,
S6,1.8,one+3,,1.0933808364300421,,0.765,,,,pooled,2.6989842260703374,2.838,,,0.5,ii_半年4折_purge,7.156879282096887,2.065984892359319,2.205,,,,
S6,1.8,one+3,,1.2339702534043022,,0.784,,,,worst,2.417080521312779,2.604,,,0.5,ii_半年4折_purge,6.312417430831297,1.9991178986683675,2.145,,,,
S6,1.8,one+3,,-0.053874991336021506,,0.68,,,,pooled,2.7968772674122686,2.871,,,1.0,i_整年2折,6.98317314046316,1.9327444138243057,1.989,,,,
S6,1.8,one+3,,0.09665488463879035,,0.68,,,,worst,2.646347391437457,2.724,,,1.0,i_整年2折,6.8662565065823875,1.864621723247972,1.917,,,,
S6,1.8,one+3,,1.8396251666625225,,0.814,,,,pooled,2.7968772674122686,2.871,,,1.0,ii_半年4折_purge,6.712108358907011,2.3631970404757654,2.361,,,,
S6,1.8,one+3,,2.1362423134533044,,0.843,,,,worst,2.574309781748595,2.634,,,1.0,ii_半年4折_purge,5.971012011141254,2.309410330178958,2.304,,,,
S7,1.8,nearopt,,,,0.16475,,,,E0_中心=格均值_>δ才换,-0.2660482492985297,-0.264016449734479,0.16475,5.336486997607443,,,,,,,,,
S7,1.8,nearopt,,,,0.32875,,,,E0_中心=0_>δ才换,-0.5411031242795191,-0.556652545863855,0.32875,5.198285507733579,,,,,,,,,
S7,1.8,nearopt,,,,0.2255,,,,argmax+整年留出>0才换,-0.6574122061335935,-0.6758058461656005,0.2255,5.604279560144114,,,,,,,,,
S7,1.8,nearopt,,,,0.99325,,,,argmax 不设门,-2.3709749897937753,-2.4664386232970146,0.99325,,,,,,,,,,
S6,1.8,nearopt,,-0.5555278177512624,,0.233,,,,pooled,-2.581726405121235,-2.4174559836842784,,,0.0,i_整年2折,6.165437878595568,-0.7641544208030007,-0.6809070083567933,,,,
S6,1.8,nearopt,,-0.8569563499060675,,0.233,,,,worst,-2.280297872966431,-2.251540624440146,,,0.0,i_整年2折,6.05507101881515,-0.6778503331838076,-0.6508505979941547,,,,
S6,1.8,nearopt,,-0.438688085701142,,0.246,,,,pooled,-2.581726405121235,-2.4174559836842784,,,0.0,ii_半年4折_purge,6.006255033251252,-0.7447732434486775,-0.70292314210731,,,,
S6,1.8,nearopt,,-0.784995151017226,,0.212,,,,worst,-1.802587213789238,-1.721765946513557,,,0.0,ii_半年4折_purge,5.430652899576598,-0.6384573701735416,-0.5358578228664326,,,,
S6,1.8,nearopt,,-0.7840831616344873,,0.217,,,,pooled,-2.4768935361135216,-2.421941354256205,,,0.5,i_整年2折,6.042130263445551,-0.678770526053138,-0.6275324128952698,,,,
S6,1.8,nearopt,,-0.9120533296596331,,0.217,,,,worst,-2.348923368088376,-2.256300259803636,,,0.5,i_整年2折,6.048888451157731,-0.6805192395585022,-0.6077004149046792,,,,
S6,1.8,nearopt,,0.7149719451408828,,0.327,,,,pooled,-2.4768935361135216,-2.421941354256205,,,0.5,ii_半年4折_purge,5.715746701012144,-0.9228444405340073,-0.9289185615435711,,,,
S6,1.8,nearopt,,0.45944492294784295,,0.31,,,,worst,-1.694857223907059,-1.6682812607657056,,,0.5,ii_半年4折_purge,5.100214791085282,-0.6830667715182559,-0.7668767502848044,,,,
S6,1.8,nearopt,,-0.5414244352637385,,0.253,,,,pooled,-2.2811511508583426,-2.4101691820890077,,,1.0,i_整年2折,5.739716605963112,-0.6272720929206296,-0.6932058699204906,,,,
S6,1.8,nearopt,,-0.6741488394977038,,0.253,,,,worst,-2.148426746624377,-2.238484018721224,,,1.0,i_整年2折,5.697107202444653,-0.6072849242736177,-0.6660284499480615,,,,
S6,1.8,nearopt,,1.4234393273359147,,0.393,,,,pooled,-2.2811511508583426,-2.4101691820890077,,,1.0,ii_半年4折_purge,5.457838216185528,-0.9400221062692019,-1.068547250895824,,,,
S6,1.8,nearopt,,1.4237820811920558,,0.411,,,,worst,-1.8193591078854319,-1.7725414102307178,,,1.0,ii_半年4折_purge,5.121279275641758,-0.9746393158957942,-0.986782320977535,,,,
S5,0.0,null,a_三块整块留出(往前段参与挑选),,,,,,,,,,,,,,,,,-0.0207,0.014,0.35348436147186146,-2.0567999999999995
S5,0.0,null,b_两年+往前段当确认,,,,,,,,,,,,,,,,,-0.0017999999999999997,0.00175,0.3095099657287157,-1.7132999999999998
S5,0.0,null,b0_两年、不用往前段,,,,,,,,,,,,,,,,,-0.021299999999999996,0.01375,0.3095099657287157,-1.7132999999999998
S5,0.0,null,c_四个半年块+往前段当确认,,,,,,,,,,,,,,,,,-0.0048,0.00275,0.3095099657287157,-1.7132999999999998
S5,0.0,one+3,a_三块整块留出(往前段参与挑选),,,,,,,,,,,,,,,,,0.10230000000000002,0.084,0.3172758477633478,0.9012000000000002
S5,0.0,one+3,b_两年+往前段当确认,,,,,,,,,,,,,,,,,0.0693,0.038,0.27247475649350644,1.2537000000000003
S5,0.0,one+3,b0_两年、不用往前段,,,,,,,,,,,,,,,,,0.1179,0.0745,0.27247475649350644,1.2537000000000003
S5,0.0,one+3,c_四个半年块+往前段当确认,,,,,,,,,,,,,,,,,0.052349999999999994,0.03125,0.27247475649350644,1.2537000000000003
S5,0.9,null,a_三块整块留出(往前段参与挑选),,,,,,,,,,,,,,,,,-0.03566558977612389,0.0165,0.36927272727272725,-2.220760449277665
S5,0.9,null,b_两年+往前段当确认,,,,,,,,,,,,,,,,,-0.0046052295248882455,0.00275,0.3310469246031746,-1.9216147015426608
S5,0.9,null,b0_两年、不用往前段,,,,,,,,,,,,,,,,,-0.03210549487118935,0.0165,0.3310469246031746,-1.9216147015426608
S5,0.9,null,c_四个半年块+往前段当确认,,,,,,,,,,,,,,,,,-0.004191911370495919,0.00225,0.3310469246031746,-1.9216147015426608
S5,0.9,one+3,a_三块整块留出(往前段参与挑选),,,,,,,,,,,,,,,,,0.06663217125208099,0.081,0.3315680555555556,0.7274324756994638
S5,0.9,one+3,b_两年+往前段当确认,,,,,,,,,,,,,,,,,0.04980891961271162,0.03175,0.2925902236652237,1.0593103030733473
S5,0.9,one+3,b0_两年、不用往前段,,,,,,,,,,,,,,,,,0.09198318601601249,0.07225,0.2925902236652237,1.0593103030733473
S5,0.9,one+3,c_四个半年块+往前段当确认,,,,,,,,,,,,,,,,,0.05048923474583878,0.03975,0.2925902236652237,1.0593103030733473
