S,tau,scen,rule,G_F,G_S,P_switch,P_switch_to_worse,report_bias_when_switch
S7,0.0,null,argmax 不设门,0.0,0.0,0.99975,0.0,
S7,0.0,null,argmax+整年留出>0才换,0.0,0.0,0.4935,0.0,2.7551124748126323
S7,0.0,null,ρ收缩(中心=格均值) >δ才换,0.0,0.0,0.28475,0.0,3.509914548315311
S7,0.0,null,ρ收缩(中心=0) >δ才换,0.0,0.0,0.13975,0.0,2.9154457179427657
S7,0.0,null,尖峰加平板 >δ才换,0.0,0.0,0.15675,0.0,4.032767560935697
S7,0.0,null,ρ收缩(中心=0)排序+整年留出>0才换,0.0,0.0,0.4935,0.0,1.306764944064718
S7,0.0,null,尖峰加平板排序+整年留出>0才换,0.0,0.0,0.4935,0.0,1.3204934281213745
S7,0.0,null,argmax+整年留出>0才换 +前向窗(SE2.7),0.0,0.0,0.04725,0.0,
S7,0.0,null,ρ收缩(中心=0) >δ才换 +前向窗(SE2.7),0.0,0.0,0.016,0.0,
S7,0.0,null,尖峰加平板 >δ才换 +前向窗(SE2.7),0.0,0.0,0.01775,0.0,
S7,0.0,null,尖峰加平板排序+整年留出>0才换 +前向窗(SE2.7),0.0,0.0,0.07225,0.0,
S7,0.0,one+3,argmax 不设门,2.97825,2.97825,1.0,0.0,
S7,0.0,one+3,argmax+整年留出>0才换,2.34975,2.34975,0.786,0.0,1.2640192564907493
S7,0.0,one+3,ρ收缩(中心=格均值) >δ才换,1.79775,1.79775,0.68025,0.0,1.9593863667822755
S7,0.0,one+3,ρ收缩(中心=0) >δ才换,1.485,1.485,0.503,0.0,0.8333488588196835
S7,0.0,one+3,尖峰加平板 >δ才换,1.359,1.359,0.457,0.0,2.3371807740737265
S7,0.0,one+3,ρ收缩(中心=0)排序+整年留出>0才换,1.97625,1.97625,0.786,0.0,0.16233669301903808
S7,0.0,one+3,尖峰加平板排序+整年留出>0才换,2.169,2.169,0.786,0.0,0.4379957901780862
S7,0.0,one+3,argmax+整年留出>0才换 +前向窗(SE2.7),0.426,0.426,0.14225,0.0,
S7,0.0,one+3,ρ收缩(中心=0) >δ才换 +前向窗(SE2.7),0.483,0.483,0.162,0.0,
S7,0.0,one+3,尖峰加平板 >δ才换 +前向窗(SE2.7),0.35775,0.35775,0.12075,0.0,
S7,0.0,one+3,尖峰加平板排序+整年留出>0才换 +前向窗(SE2.7),0.7575,0.7575,0.264,0.0,
S7,0.0,two+3,argmax 不设门,5.94,5.94,1.0,0.0,
S7,0.0,two+3,argmax+整年留出>0才换,5.5785,5.5785,0.9375,0.0,0.26474702677552175
S7,0.0,two+3,ρ收缩(中心=格均值) >δ才换,4.845,4.845,0.89825,0.0,0.8180536174584292
S7,0.0,two+3,ρ收缩(中心=0) >δ才换,4.3005,4.3005,0.76275,0.0,-0.7787454773969298
S7,0.0,two+3,尖峰加平板 >δ才换,4.44375,4.44375,0.768,0.0,1.1806695771843858
S7,0.0,two+3,ρ收缩(中心=0)排序+整年留出>0才换,4.73925,4.73925,0.9375,0.0,-0.9827863210314075
S7,0.0,two+3,尖峰加平板排序+整年留出>0才换,5.0685,5.0685,0.9375,0.0,0.37130272789406116
S7,0.0,two+3,argmax+整年留出>0才换 +前向窗(SE2.7),1.701,1.701,0.285,0.0,
S7,0.0,two+3,ρ收缩(中心=0) >δ才换 +前向窗(SE2.7),2.08725,2.08725,0.36475,0.0,
S7,0.0,two+3,尖峰加平板 >δ才换 +前向窗(SE2.7),1.83225,1.83225,0.31525,0.0,
S7,0.0,two+3,尖峰加平板排序+整年留出>0才换 +前向窗(SE2.7),2.196,2.196,0.40675,0.0,
S7,0.0,nearopt,argmax 不设门,-1.8082870950844294,-1.8082870950844294,0.98525,0.98525,
S7,0.0,nearopt,argmax+整年留出>0才换,-0.4225876163064868,-0.4225876163064868,0.193,0.193,3.8546613251115143
S7,0.0,nearopt,ρ收缩(中心=格均值) >δ才换,-0.039650822967565606,-0.039650822967565606,0.03825,0.03825,3.8380694622182667
S7,0.0,nearopt,ρ收缩(中心=0) >δ才换,-0.17221033619418002,-0.17221033619418002,0.14525,0.14525,3.9352522114643516
S7,0.0,nearopt,尖峰加平板 >δ才换,-0.4872875454218212,-0.4872875454218212,0.3365,0.3365,4.309220115627508
S7,0.0,nearopt,ρ收缩(中心=0)排序+整年留出>0才换,-0.22789964452297268,-0.22789964452297268,0.193,0.193,3.316323222232225
S7,0.0,nearopt,尖峰加平板排序+整年留出>0才换,-0.24310974012278355,-0.24310974012278355,0.193,0.193,3.532972798927712
S7,0.0,nearopt,argmax+整年留出>0才换 +前向窗(SE2.7),-0.020939470641140913,-0.020939470641140913,0.01,0.01,
S7,0.0,nearopt,ρ收缩(中心=0) >δ才换 +前向窗(SE2.7),-0.012070734367020693,-0.012070734367020693,0.01075,0.01075,
S7,0.0,nearopt,尖峰加平板 >δ才换 +前向窗(SE2.7),-0.023977541883024964,-0.023977541883024964,0.022,0.022,
S7,0.0,nearopt,尖峰加平板排序+整年留出>0才换 +前向窗(SE2.7),-0.019953674796174575,-0.019953674796174575,0.02025,0.02025,
S7,0.9,null,argmax 不设门,-0.03266107740753336,0.0,0.999,0.0,
S7,0.9,null,argmax+整年留出>0才换,-0.0028428321676019124,0.0,0.496,0.0,3.3044873320160897
S7,0.9,null,ρ收缩(中心=格均值) >δ才换,-0.010096044083031172,0.0,0.35,0.0,3.9481769211388045
S7,0.9,null,ρ收缩(中心=0) >δ才换,-0.014434768199313467,0.0,0.21625,0.0,3.379997747200792
S7,0.9,null,尖峰加平板 >δ才换,-0.008917101921201565,0.0,0.278,0.0,4.407766224173913
S7,0.9,null,ρ收缩(中心=0)排序+整年留出>0才换,-0.012631487905181784,0.0,0.496,0.0,1.8060172680658704
S7,0.9,null,尖峰加平板排序+整年留出>0才换,-0.005002303636682056,0.0,0.496,0.0,2.3257131377880755
S7,0.9,null,argmax+整年留出>0才换 +前向窗(SE2.7),0.0035428774249331406,0.0,0.05125,0.0,
S7,0.9,null,ρ收缩(中心=0) >δ才换 +前向窗(SE2.7),-0.00043216770980040054,0.0,0.02925,0.0,
S7,0.9,null,尖峰加平板 >δ才换 +前向窗(SE2.7),0.0019005929024260265,0.0,0.031,0.0,
S7,0.9,null,尖峰加平板排序+整年留出>0才换 +前向窗(SE2.7),-0.0024578949110992763,0.0,0.0685,0.0,
S7,0.9,one+3,argmax 不设门,2.931171238440367,2.9415,1.0,0.0,
S7,0.9,one+3,argmax+整年留出>0才换,2.209727033069339,2.208,0.74425,0.0,1.4458940223022938
S7,0.9,one+3,ρ收缩(中心=格均值) >δ才换,1.6822852292729649,1.66575,0.6685,0.0,2.4187147866350704
S7,0.9,one+3,ρ收缩(中心=0) >δ才换,1.4455298704381403,1.434,0.496,0.0,1.2181417927989278
S7,0.9,one+3,尖峰加平板 >δ才换,1.6176101871536468,1.62525,0.56,0.0,2.730231353378962
S7,0.9,one+3,ρ收缩(中心=0)排序+整年留出>0才换,1.765904636407127,1.764,0.74425,0.0,0.5725566527178617
S7,0.9,one+3,尖峰加平板排序+整年留出>0才换,2.015716043519629,2.02275,0.74425,0.0,1.4787210582208403
S7,0.9,one+3,argmax+整年留出>0才换 +前向窗(SE2.7),0.4266065687285596,0.426,0.143,0.0,
S7,0.9,one+3,ρ收缩(中心=0) >δ才换 +前向窗(SE2.7),0.44763094611437587,0.43725,0.148,0.0,
S7,0.9,one+3,尖峰加平板 >δ才换 +前向窗(SE2.7),0.433090076877775,0.4335,0.1475,0.0,
S7,0.9,one+3,尖峰加平板排序+整年留出>0才换 +前向窗(SE2.7),0.6341614544252482,0.642,0.224,0.0,
S7,0.9,two+3,argmax 不设门,5.865400725811098,5.89275,1.0,0.0,
S7,0.9,two+3,argmax+整年留出>0才换,5.319531825929966,5.33625,0.90225,0.0,0.4690430344383363
S7,0.9,two+3,ρ收缩(中心=格均值) >δ才换,4.469878511991954,4.48275,0.8785,0.0,1.4583998417829218
S7,0.9,two+3,ρ收缩(中心=0) >δ才换,3.9282955606895302,3.94275,0.71825,0.0,-0.1348475858172147
S7,0.9,two+3,尖峰加平板 >δ才换,4.4941362999705285,4.52925,0.79725,0.0,1.80235617374881
S7,0.9,two+3,ρ收缩(中心=0)排序+整年留出>0才换,4.274200772085314,4.29375,0.90225,0.0,-0.385408374383957
S7,0.9,two+3,尖峰加平板排序+整年留出>0才换,4.827755349375849,4.866,0.90225,0.0,1.2307146585335231
S7,0.9,two+3,argmax+整年留出>0才换 +前向窗(SE2.7),1.639263043388949,1.63575,0.276,0.0,
S7,0.9,two+3,ρ收缩(中心=0) >δ才换 +前向窗(SE2.7),1.7791386663700717,1.7715,0.313,0.0,
S7,0.9,two+3,尖峰加平板 >δ才换 +前向窗(SE2.7),1.8000464849044107,1.81875,0.313,0.0,
S7,0.9,two+3,尖峰加平板排序+整年留出>0才换 +前向窗(SE2.7),2.0394785801671445,2.06475,0.37825,0.0,
S7,0.9,nearopt,argmax 不设门,-1.9981691301982933,-1.9943716011641268,0.98575,0.98575,
S7,0.9,nearopt,argmax+整年留出>0才换,-0.5364416748461781,-0.5270846610979983,0.2125,0.2125,4.489858901272055
S7,0.9,nearopt,ρ收缩(中心=格均值) >δ才换,-0.09411945855084465,-0.08871717677725945,0.0665,0.0665,4.652494855940731
S7,0.9,nearopt,ρ收缩(中心=0) >δ才换,-0.2858701993182986,-0.28445854792207187,0.21,0.21,4.2979582979064705
S7,0.9,nearopt,尖峰加平板 >δ才换,-0.6976682048573731,-0.7083092714512045,0.44,0.44,4.658986536641729
S7,0.9,nearopt,ρ收缩(中心=0)排序+整年留出>0才换,-0.2802820161212464,-0.2790126441898199,0.2125,0.2125,3.8048001885403906
S7,0.9,nearopt,尖峰加平板排序+整年留出>0才换,-0.2892257743393652,-0.29332637510357773,0.2125,0.2125,4.0845821790263095
S7,0.9,nearopt,argmax+整年留出>0才换 +前向窗(SE2.7),-0.02339090716249844,-0.02466044219118438,0.01125,0.01125,
S7,0.9,nearopt,ρ收缩(中心=0) >δ才换 +前向窗(SE2.7),-0.016866473936983584,-0.0200174604408496,0.01825,0.01825,
S7,0.9,nearopt,尖峰加平板 >δ才换 +前向窗(SE2.7),-0.044271760447244214,-0.041438136046216614,0.03175,0.03175,
S7,0.9,nearopt,尖峰加平板排序+整年留出>0才换 +前向窗(SE2.7),-0.020854136096591345,-0.024956711494280134,0.02375,0.02375,
S7,1.8,null,argmax 不设门,-0.012952949341305305,0.0,0.99975,0.0,
S7,1.8,null,argmax+整年留出>0才换,-0.008972118791440711,0.0,0.4845,0.0,4.184297961893156
S7,1.8,null,ρ收缩(中心=格均值) >δ才换,0.03965160179891942,0.0,0.42425,0.0,4.898130014313369
S7,1.8,null,ρ收缩(中心=0) >δ才换,0.030687288242916274,0.0,0.318,0.0,4.249682193292936
S7,1.8,null,尖峰加平板 >δ才换,0.012339646848584957,0.0,0.53425,0.0,5.259165891140659
S7,1.8,null,ρ收缩(中心=0)排序+整年留出>0才换,0.054032010073584984,0.0,0.4845,0.0,2.7305540635908256
S7,1.8,null,尖峰加平板排序+整年留出>0才换,0.028963687891921698,0.0,0.4845,0.0,4.8528508308231455
S7,1.8,null,argmax+整年留出>0才换 +前向窗(SE2.7),0.005616086333437801,0.0,0.0615,0.0,
S7,1.8,null,ρ收缩(中心=0) >δ才换 +前向窗(SE2.7),0.010570627603791053,0.0,0.04875,0.0,
S7,1.8,null,尖峰加平板 >δ才换 +前向窗(SE2.7),0.00028743428483493714,0.0,0.0815,0.0,
S7,1.8,null,尖峰加平板排序+整年留出>0才换 +前向窗(SE2.7),-0.005496271955853248,0.0,0.07875,0.0,
S7,1.8,one+3,argmax 不设门,2.815159063851479,2.8455,1.0,0.0,
S7,1.8,one+3,argmax+整年留出>0才换,1.9623003264315526,2.007,0.684,0.0,2.343614133172121
S7,1.8,one+3,ρ收缩(中心=格均值) >δ才换,1.4555461656445254,1.49625,0.67,0.0,3.73973378527449
S7,1.8,one+3,ρ收缩(中心=0) >δ才换,1.294208365404844,1.368,0.49975,0.0,2.641707260877877
S7,1.8,one+3,尖峰加平板 >δ才换,1.9096186788095797,1.96575,0.70675,0.0,3.9734956624551874
S7,1.8,one+3,ρ收缩(中心=0)排序+整年留出>0才换,1.4274661213393303,1.48875,0.684,0.0,1.7463628212553366
S7,1.8,one+3,尖峰加平板排序+整年留出>0才换,1.7951091151389924,1.854,0.684,0.0,3.800536899584321
S7,1.8,one+3,argmax+整年留出>0才换 +前向窗(SE2.7),0.4521392696019837,0.45675,0.15475,0.0,
S7,1.8,one+3,ρ收缩(中心=0) >δ才换 +前向窗(SE2.7),0.40131054505523295,0.411,0.143,0.0,
S7,1.8,one+3,尖峰加平板 >δ才换 +前向窗(SE2.7),0.5271840857038094,0.54075,0.1885,0.0,
S7,1.8,one+3,尖峰加平板排序+整年留出>0才换 +前向窗(SE2.7),0.5211717497035061,0.5205,0.1845,0.0,
S7,1.8,two+3,argmax 不设门,5.660421108925153,5.73225,1.0,0.0,
S7,1.8,two+3,argmax+整年留出>0才换,4.804588901895858,4.851,0.83575,0.0,1.2172222241362973
S7,1.8,two+3,ρ收缩(中心=格均值) >δ才换,3.7901346800402007,3.81,0.8405,0.0,2.9838695045123473
S7,1.8,two+3,ρ收缩(中心=0) >δ才换,3.3740507932018993,3.39525,0.6495,0.0,1.2627527579205666
S7,1.8,two+3,尖峰加平板 >δ才换,4.5691770095432,4.626,0.849,0.0,3.191318558928072
S7,1.8,two+3,ρ收缩(中心=0)排序+整年留出>0才换,3.6659035754199314,3.66225,0.83575,0.0,0.6719228814943349
S7,1.8,two+3,尖峰加平板排序+整年留出>0才换,4.450404459328084,4.49925,0.83575,0.0,3.1380592826285
S7,1.8,two+3,argmax+整年留出>0才换 +前向窗(SE2.7),1.6380129244305124,1.62075,0.2755,0.0,
S7,1.8,two+3,ρ收缩(中心=0) >δ才换 +前向窗(SE2.7),1.402467607647251,1.3965,0.2575,0.0,
S7,1.8,two+3,尖峰加平板 >δ才换 +前向窗(SE2.7),1.6815828003952311,1.7145,0.308,0.0,
S7,1.8,two+3,尖峰加平板排序+整年留出>0才换 +前向窗(SE2.7),1.7256601204924258,1.7115,0.31225,0.0,
S7,1.8,nearopt,argmax 不设门,-2.534930062144335,-2.4734645038125374,0.994,0.994,
S7,1.8,nearopt,argmax+整年留出>0才换,-0.6692873825208251,-0.6873321003781288,0.23575,0.23575,5.49497884772075
S7,1.8,nearopt,ρ收缩(中心=格均值) >δ才换,-0.2627480599111681,-0.26418838396714633,0.17175,0.17175,5.28004366967602
S7,1.8,nearopt,ρ收缩(中心=0) >δ才换,-0.5816674779960886,-0.5733270234123222,0.3435,0.3435,5.226862589939123
S7,1.8,nearopt,尖峰加平板 >δ才换,-1.2692822294882682,-1.2605585414709413,0.64425,0.64425,5.768876427124244
S7,1.8,nearopt,ρ收缩(中心=0)排序+整年留出>0才换,-0.382625684288313,-0.3983413554433537,0.23575,0.23575,5.068841909878303
S7,1.8,nearopt,尖峰加平板排序+整年留出>0才换,-0.4460847666855866,-0.4582419445678814,0.23575,0.23575,6.167141682907849
S7,1.8,nearopt,argmax+整年留出>0才换 +前向窗(SE2.7),-0.046723479348472555,-0.044017179909054356,0.01775,0.01775,
S7,1.8,nearopt,ρ收缩(中心=0) >δ才换 +前向窗(SE2.7),-0.0639110414822149,-0.04924363357257474,0.03625,0.03625,
S7,1.8,nearopt,尖峰加平板 >δ才换 +前向窗(SE2.7),-0.14166950485436278,-0.10767165422912135,0.0635,0.0635,
S7,1.8,nearopt,尖峰加平板排序+整年留出>0才换 +前向窗(SE2.7),-0.04864368908770226,-0.03924995993567902,0.024,0.024,
