flat,bo.min_relative_height,bo.exceed_threshold,burst.gap_max,tb.stop_confirm_bars,tb.big_rise_k,burst.count,burst.first_drought,burst.distinct_pk,burst.max_bar_vol_ratio,burst.peak_age_max,tb.day_drop,evaluable,s,s_nb,n_eval_nb,boot_top,count_2024,fp_2024,delta_2024,count_2025,fp_2025,delta_2025,flags
116594,0.15,0.001,4,3,5.0,4,20,4,0,125,,True,0.15986670832031663,0.07054491899852727,12,37,164,0.6464646464646465,0.15986670832031663,154,0.79,0.2128698962846265,
116595,0.15,0.001,4,3,5.0,4,20,4,0,125,0.2,True,0.15986670832031663,0.06755854097327119,12,35,164,0.6464646464646465,0.15986670832031663,148,0.79,0.2128698962846265,
6867,0.1,0.001,4,3,12.0,4,20,4,0,125,0.2,True,0.13163278288256464,0.058856607310215525,11,36,600,0.6620111731843575,0.17541323504002765,517,0.7087628865979382,0.13163278288256464,
6854,0.1,0.001,4,3,12.0,4,20,3,0,125,,True,0.13083449805453795,0.0525770092553377,12,16,741,0.6674364896073903,0.18083855146306044,683,0.7079646017699115,0.13083449805453795,
6855,0.1,0.001,4,3,12.0,4,20,3,0,125,0.2,True,0.13083449805453795,0.05063014865055704,12,40,724,0.6930455635491607,0.2064476254048308,676,0.7079646017699115,0.13083449805453795,
144218,0.15,0.003,4,3,5.0,4,20,1,0,125,,True,0.16102110947471776,0.04243511367593078,12,18,198,0.6476190476190476,0.16102110947471776,141,0.7931034482758621,0.21597334456048856,
6843,0.1,0.001,4,3,12.0,4,20,1,0,125,0.2,True,0.13083449805453795,0.0405461624216672,11,33,847,0.6862745098039216,0.19967657165959168,680,0.7079646017699115,0.13083449805453795,
6842,0.1,0.001,4,3,12.0,4,20,1,0,125,,True,0.13083449805453795,0.040220787066965746,11,17,864,0.6653992395437263,0.17880130139939637,687,0.7079646017699115,0.13083449805453795,
144219,0.15,0.003,4,3,5.0,4,20,1,0,125,0.2,True,0.16102110947471776,0.038254511669241875,11,17,198,0.6476190476190476,0.16102110947471776,135,0.7931034482758621,0.21597334456048856,
34503,0.1,0.003,4,3,12.0,4,20,3,0,125,0.2,True,0.1299069162246021,0.03506584001858176,13,14,719,0.616504854368932,0.1299069162246021,535,0.7622950819672131,0.18516497825183953,
34515,0.1,0.003,4,3,12.0,4,20,4,0,125,0.2,True,0.0932339946287794,0.03435638277111297,12,8,591,0.5798319327731093,0.0932339946287794,465,0.740625,0.16349489628462643,
117435,0.15,0.001,4,3,12.0,4,20,1,0,125,0.2,True,0.15076105274721152,0.03385644336982829,12,16,455,0.7106227106227107,0.22402477247838076,511,0.7278911564625851,0.15076105274721152,
157502,0.15,0.003,12,3,3.0,3,20,1,0,125,,True,0.12226869387981687,0.03221383266633615,15,5,679,0.6495535714285714,0.1629556332842415,763,0.6993987975951904,0.12226869387981687,
157503,0.15,0.003,12,3,3.0,3,20,1,0,125,0.2,True,0.12226869387981687,0.0312615046762349,15,6,674,0.6568848758465011,0.17028693770217124,762,0.6993987975951904,0.12226869387981687,
6831,0.1,0.001,4,3,12.0,4,0,4,0,125,0.2,True,0.12304942949827102,0.02994793621203118,10,12,760,0.6222707423580786,0.13567280421374867,856,0.7001795332136446,0.12304942949827102,
34490,0.1,0.003,4,3,12.0,4,20,1,0,125,,True,0.11884423872641842,0.028617022721408092,12,3,774,0.6054421768707483,0.11884423872641842,548,0.7622950819672131,0.18516497825183953,
117026,0.15,0.001,4,3,8.0,4,20,4,0,125,,True,0.09158155272634427,0.02847737292014052,13,16,274,0.6625766871165644,0.17597874897223448,285,0.6687116564417178,0.09158155272634427,
117434,0.15,0.001,4,3,12.0,4,20,1,0,125,,True,0.15076105274721152,0.02724148098407997,12,9,472,0.671280276816609,0.18468233867227907,518,0.7278911564625851,0.15076105274721152,
116582,0.15,0.001,4,3,5.0,4,20,3,0,125,,True,0.1533046788933221,0.02696545942455819,13,6,177,0.6538461538461539,0.16724821570182397,205,0.7304347826086957,0.1533046788933221,
117002,0.15,0.001,4,3,8.0,4,20,1,0,125,,True,0.10914440608854803,0.026676124658328915,13,7,357,0.7192118226600985,0.23261388451576864,366,0.6862745098039216,0.10914440608854803,
95750,0.1,0.03,8,3,5.0,3,20,4,0,125,,True,0.12541947135544795,0.026563078102808224,14,2,685,0.6394557823129252,0.15285784416859532,650,0.7025495750708215,0.12541947135544795,
34491,0.1,0.003,4,3,12.0,4,20,1,0,125,0.2,True,0.14163735597331722,0.026338104377112037,12,9,757,0.6282352941176471,0.14163735597331722,541,0.7622950819672131,0.18516497825183953,
117459,0.15,0.001,4,3,12.0,4,20,4,0,125,0.2,True,0.13715561057034076,0.025484275369593745,12,24,372,0.6695278969957081,0.18292995885137825,370,0.7142857142857143,0.13715561057034076,
117027,0.15,0.001,4,3,8.0,4,20,4,0,125,0.2,True,0.09158155272634427,0.0247746581893884,13,10,273,0.6666666666666666,0.18006872852233674,279,0.6687116564417178,0.09158155272634427,
117003,0.15,0.001,4,3,8.0,4,20,1,0,125,0.2,True,0.10914440608854803,0.023218936424242553,13,5,356,0.7227722772277227,0.23617433908339286,360,0.6862745098039216,0.10914440608854803,
157514,0.15,0.003,12,3,3.0,3,20,3,0,125,,True,0.11598054346625486,0.022869896284626434,16,4,570,0.6390374331550802,0.15243949501075033,742,0.6931106471816284,0.11598054346625486,
116583,0.15,0.001,4,3,5.0,4,20,3,0,125,0.2,True,0.1533046788933221,0.022869896284626434,13,3,177,0.6538461538461539,0.16724821570182397,199,0.7304347826086957,0.1533046788933221,
95751,0.1,0.03,8,3,5.0,3,20,4,0,125,0.2,True,0.12201029743075831,0.022001589482889883,14,3,658,0.6291866028708134,0.14258866472648352,641,0.6991404011461319,0.12201029743075831,
157515,0.15,0.003,12,3,3.0,3,20,3,0,125,0.2,True,0.11598054346625486,0.021828229617959827,16,4,565,0.6476964769647696,0.16109853882043973,741,0.6931106471816284,0.11598054346625486,
34502,0.1,0.003,4,3,12.0,4,20,3,0,125,,True,0.10686000578090377,0.020990594739312585,13,8,736,0.5934579439252337,0.10686000578090377,542,0.7622950819672131,0.18516497825183953,
46827,0.1,0.003,12,3,3.0,2,20,4,0,125,0.2,True,0.04715402417906106,0.020894212394048983,14,2,985,0.533751962323391,0.04715402417906106,1027,0.6837060702875399,0.10657596657216639,
46719,0.1,0.003,12,3,3.0,1,20,4,0,125,0.2,True,0.04548343900746982,0.020894212394048983,13,2,987,0.5320813771517997,0.04548343900746982,1027,0.6837060702875399,0.10657596657216639,
6434,0.1,0.001,4,3,8.0,4,20,4,0,125,,True,0.09796014899220773,0.020635259413118057,12,15,460,0.6828358208955224,0.19623788275119253,401,0.6750902527075813,0.09796014899220773,
6435,0.1,0.001,4,3,8.0,4,20,4,0,125,0.2,True,0.09796014899220773,0.020635259413118057,12,13,459,0.6853932584269663,0.1987953202826364,395,0.6750902527075813,0.09796014899220773,
212727,0.15,0.03,12,3,3.0,2,40,1,0,125,0.2,True,0.1453579345621384,0.020172401101582138,13,16,511,0.6714801444043321,0.18488220626000224,371,0.722488038277512,0.1453579345621384,
5127,0.1,0.001,4,2,12.0,4,20,3,0,125,0.2,True,0.09183541352600577,0.019957274925403112,14,7,1107,0.6307692307692307,0.14417129262490086,863,0.6689655172413793,0.09183541352600577,
144242,0.15,0.003,4,3,5.0,4,20,4,0,125,,True,0.14706542819230378,0.019574901361842978,11,19,181,0.6336633663366337,0.14706542819230378,132,0.8048780487804879,0.2277479450651143,
144243,0.15,0.003,4,3,5.0,4,20,4,0,125,0.2,True,0.14706542819230378,0.019574901361842978,11,18,181,0.6336633663366337,0.14706542819230378,126,0.8048780487804879,0.2277479450651143,
5126,0.1,0.001,4,2,12.0,4,20,3,0,125,,True,0.09182358410623881,0.019515263696767038,14,3,1134,0.6192592592592593,0.1326613211149294,876,0.6689536878216124,0.09182358410623881,
212619,0.15,0.03,12,3,3.0,1,40,1,0,125,0.2,True,0.1410517144664446,0.019448573483577036,12,9,535,0.660958904109589,0.17436096596525913,396,0.7181818181818181,0.1410517144664446,
116570,0.15,0.001,4,3,5.0,4,20,1,0,125,,True,0.16015803187784683,0.018829492244222368,12,22,213,0.725925925925926,0.23932798778159609,208,0.7372881355932204,0.16015803187784683,
116571,0.15,0.001,4,3,5.0,4,20,1,0,125,0.2,True,0.16015803187784683,0.018829492244222368,12,19,213,0.725925925925926,0.23932798778159609,202,0.7372881355932204,0.16015803187784683,
212618,0.15,0.03,12,3,3.0,1,40,1,0,125,,True,0.13458160799633812,0.018489943446789392,12,6,542,0.6543624161073825,0.16776447796305266,398,0.7117117117117117,0.13458160799633812,
117458,0.15,0.001,4,3,12.0,4,20,4,0,125,,True,0.13715561057034076,0.01804756125924578,12,14,389,0.6265060240963856,0.13990808595205567,377,0.7142857142857143,0.13715561057034076,
212726,0.15,0.03,12,3,3.0,2,40,1,0,125,,True,0.1385097067111667,0.01792693050515881,13,10,518,0.6643109540636042,0.1777130159192743,373,0.7156398104265402,0.1385097067111667,
129723,0.15,0.001,12,3,3.0,2,0,3,0,125,0.2,True,0.08648455100183511,0.017428622230213686,14,1,1048,0.573082489146165,0.08648455100183511,1293,0.68625,0.10911989628462648,
117446,0.15,0.001,4,3,12.0,4,20,3,0,125,,True,0.1433233216981898,0.017005698753762233,13,2,416,0.6299212598425197,0.1433233216981898,502,0.7338129496402878,0.15668284592491422,
116592,0.15,0.001,4,3,5.0,4,20,4,0,0,,True,0.11970127445409534,0.016778525726250826,12,4,199,0.6062992125984252,0.11970127445409534,183,0.7457627118644068,0.16863260814903325,
129615,0.15,0.001,12,3,3.0,1,0,3,0,125,0.2,True,0.08400724917555485,0.016456283719181397,13,3,1052,0.5706051873198847,0.08400724917555485,1326,0.6858895705521473,0.10875946683677373,
19286,0.1,0.001,12,3,3.0,3,20,4,0,125,,True,0.05118765060786695,0.01617983963344788,13,4,852,0.5377855887521968,0.05118765060786695,1013,0.6784615384615384,0.1013314347461649,
19287,0.1,0.001,12,3,3.0,3,20,4,0,125,0.2,True,0.055955253345031764,0.01604991214505469,13,5,847,0.5425531914893617,0.055955253345031764,1012,0.6784615384615384,0.1013314347461649,
6819,0.1,0.001,4,3,12.0,4,0,3,0,125,0.2,True,0.12239294874885542,0.01594054845853954,11,14,939,0.6539162112932605,0.1673182731489306,1028,0.699523052464229,0.12239294874885542,
6866,0.1,0.001,4,3,12.0,4,20,4,0,125,,True,0.13163278288256464,0.01586511604286228,11,17,617,0.6336898395721925,0.1470919014278626,524,0.7087628865979382,0.13163278288256464,
129722,0.15,0.001,12,3,3.0,2,0,3,0,125,,True,0.08236757909704945,0.015854674577147954,14,1,1053,0.5689655172413793,0.08236757909704945,1296,0.6845386533665836,0.10740854965121005,
34071,0.1,0.003,4,3,8.0,4,20,3,0,125,0.2,True,0.1333397565597199,0.01553881399242224,14,1,555,0.6199376947040498,0.1333397565597199,379,0.7172995780590717,0.1401694743436982,
157466,0.15,0.003,12,3,3.0,3,0,1,0,125,,True,0.10914440608854803,0.015521653473124841,14,5,810,0.6471734892787524,0.1605755511344225,951,0.6862745098039216,0.10914440608854803,
129614,0.15,0.001,12,3,3.0,1,0,3,0,125,,True,0.07992566700588472,0.014906449809430677,13,3,1057,0.5665236051502146,0.07992566700588472,1329,0.6842105263157895,0.10708042260041595,
157467,0.15,0.003,12,3,3.0,3,0,1,0,125,0.2,True,0.10914440608854803,0.0146902651699512,14,5,805,0.6535433070866141,0.16694536894228423,950,0.6862745098039216,0.10914440608854803,
34070,0.1,0.003,4,3,8.0,4,20,3,0,125,,True,0.13141448421591856,0.014468159936693537,14,3,556,0.6180124223602484,0.13141448421591856,385,0.7172995780590717,0.1401694743436982,
157263,0.15,0.003,12,3,3.0,1,0,3,0,125,0.2,True,0.10265279994812715,0.013877873079405245,14,4,912,0.5996649916247906,0.1130670534804607,1196,0.6797829036635007,0.10265279994812715,
117447,0.15,0.001,4,3,12.0,4,20,3,0,125,0.2,True,0.15668284592491422,0.013849678555233003,13,7,399,0.6722689075630253,0.18567096941869538,495,0.7338129496402878,0.15668284592491422,
129854,0.15,0.001,12,3,3.0,3,20,1,0,125,,True,0.10938478244924987,0.013778987193717396,14,3,811,0.6240740740740741,0.13747613592974423,874,0.6865148861646234,0.10938478244924987,
157371,0.15,0.003,12,3,3.0,2,0,3,0,125,0.2,True,0.10292529794667626,0.013631119446630313,15,2,906,0.6057529610829103,0.11915502293858043,1163,0.6800554016620498,0.10292529794667626,
157323,0.15,0.003,12,3,3.0,1,40,1,0,125,0.2,True,0.08453176896864084,0.013402061855670111,13,1,727,0.5711297071129707,0.08453176896864084,669,0.6817155756207675,0.10458547190539391,
157370,0.15,0.003,12,3,3.0,2,0,3,0,125,,True,0.10104669186473692,0.013161158420548769,15,2,911,0.6006711409395973,0.11407320279526739,1166,0.6781767955801105,0.10104669186473692,
129855,0.15,0.001,12,3,3.0,3,20,1,0,125,0.2,True,0.10938478244924987,0.012861116653370974,14,3,806,0.6299065420560748,0.14330860391174488,873,0.6865148861646234,0.10938478244924987,
116593,0.15,0.001,4,3,5.0,4,20,4,0,0,0.2,True,0.11970127445409534,0.012613486028216214,12,4,199,0.6062992125984252,0.11970127445409534,175,0.7457627118644068,0.16863260814903325,
157262,0.15,0.003,12,3,3.0,1,0,3,0,125,,True,0.10081306272576318,0.012168522459608422,14,4,917,0.5946843853820598,0.10808644723772992,1199,0.6779431664411367,0.10081306272576318,
6807,0.1,0.001,4,3,12.0,4,0,1,0,125,0.2,True,0.11723191408878075,0.01178585243566177,10,11,1076,0.6492307692307693,0.1626328310864394,1087,0.6943620178041543,0.11723191408878075,
157407,0.15,0.003,12,3,3.0,2,20,3,0,125,0.2,True,0.10375726829827836,0.010901119181417451,16,1,722,0.6036960985626283,0.1170981604182984,914,0.6808873720136519,0.10375726829827836,
130034,0.15,0.001,12,3,5.0,1,0,1,0,125,,True,0.06734685312442168,0.010649395952547658,14,0,3783,0.5564690610125487,0.06987112286821878,4223,0.6444769568397952,0.06734685312442168,
213242,0.15,0.03,12,3,5.0,3,20,3,0,125,,True,0.10833998175471193,0.010613628875155712,17,0,883,0.6753507014028056,0.18875276325847573,995,0.6854700854700855,0.10833998175471193,
213230,0.15,0.03,12,3,5.0,3,20,1,0,125,,True,0.10833998175471193,0.010613628875155712,16,0,883,0.6753507014028056,0.18875276325847573,995,0.6854700854700855,0.10833998175471193,
130035,0.15,0.001,12,3,5.0,1,0,1,0,125,0.2,True,0.0664722372942666,0.010427499971262355,14,0,3741,0.5530701754385965,0.0664722372942666,4197,0.6440366972477064,0.06690659353233286,
157478,0.15,0.003,12,3,3.0,3,0,3,0,125,,True,0.10596848783392221,0.01040192019581343,15,0,689,0.6363636363636364,0.14976569821930646,904,0.6830985915492958,0.10596848783392221,
130442,0.15,0.001,12,3,5.0,4,40,3,0,125,,True,0.08216193168285657,0.01021515075505286,15,1,579,0.597051597051597,0.11045365890726716,776,0.6592920353982301,0.08216193168285657,
129867,0.15,0.001,12,3,3.0,3,20,3,0,125,0.2,True,0.10708042260041595,0.009995312488844,15,0,658,0.6105990783410138,0.1240011401966839,807,0.6842105263157895,0.10708042260041595,
6398,0.1,0.001,4,3,8.0,4,0,4,0,125,,True,0.08793013724848187,0.009895212740322679,11,7,602,0.6210826210826211,0.13448468293829124,661,0.6650602409638554,0.08793013724848187,
117471,0.15,0.001,4,3,12.0,4,40,1,0,125,0.2,True,0.1711201826610393,0.00975514218626583,11,4,259,0.6577181208053692,0.1711201826610393,395,0.75,0.17286989628462646,
3410,0.1,0.001,4,1,12.0,4,20,4,0,125,,True,0.07958631419507423,0.009624863172043696,12,2,760,0.603082851637765,0.1164849134934351,543,0.6567164179104478,0.07958631419507423,
129830,0.15,0.001,12,3,3.0,3,0,3,0,125,,True,0.10023992686566618,0.009505482920213137,14,0,791,0.6036217303822937,0.11702379223796383,1044,0.6773700305810397,0.10023992686566618,
157479,0.15,0.003,12,3,3.0,3,0,3,0,125,0.2,True,0.10596848783392221,0.00949082252819422,15,1,684,0.6438679245283019,0.157269986383972,903,0.6830985915492958,0.10596848783392221,
129759,0.15,0.001,12,3,3.0,2,20,3,0,125,0.2,True,0.07382237709209744,0.00940835782308802,15,1,841,0.5604203152364273,0.07382237709209744,982,0.6871961102106969,0.11006600649532339,
129866,0.15,0.001,12,3,3.0,3,20,3,0,125,,True,0.10708042260041595,0.009344397393273862,15,0,663,0.6036446469248291,0.11704670878049922,808,0.6842105263157895,0.10708042260041595,
117483,0.15,0.001,4,3,12.0,4,40,3,0,125,0.2,True,0.17286989628462646,0.009248633826154706,12,2,237,0.6621621621621622,0.17556422401783228,395,0.75,0.17286989628462646,
212774,0.15,0.03,12,3,3.0,3,0,3,0,125,,True,0.1648053801555942,0.009200381183401218,14,3,386,0.6683417085427136,0.18174377039838369,429,0.7419354838709677,0.1648053801555942,
212762,0.15,0.03,12,3,3.0,3,0,1,0,125,,True,0.1648053801555942,0.009200381183401218,13,3,386,0.6683417085427136,0.18174377039838369,429,0.7419354838709677,0.1648053801555942,
212775,0.15,0.03,12,3,3.0,3,0,3,0,125,0.2,True,0.1648053801555942,0.009104067586329145,14,4,377,0.675392670157068,0.18879473201273816,429,0.7419354838709677,0.1648053801555942,
212763,0.15,0.03,12,3,3.0,3,0,1,0,125,0.2,True,0.1648053801555942,0.009104067586329145,13,4,377,0.675392670157068,0.18879473201273816,429,0.7419354838709677,0.1648053801555942,
129816,0.15,0.001,12,3,3.0,3,0,1,0,0,,True,0.0499124384890291,0.009065618902902584,14,2,1929,0.536510376633359,0.0499124384890291,2469,0.6301020408163265,0.05297193710095294,
129817,0.15,0.001,12,3,3.0,3,0,1,0,0,0.2,True,0.05198230876925031,0.008964763081247606,14,1,1924,0.5385802469135802,0.05198230876925031,2464,0.6305041480536057,0.05337404433823212,
157406,0.15,0.003,12,3,3.0,2,20,3,0,125,,True,0.10144132485605506,0.00886816767615628,16,1,727,0.5975609756097561,0.11096303746542618,917,0.6785714285714286,0.10144132485605506,
6399,0.1,0.001,4,3,8.0,4,0,4,0,125,0.2,True,0.08793013724848187,0.008857157431123253,11,6,593,0.6195965417867435,0.13299860364241362,655,0.6650602409638554,0.08793013724848187,
34514,0.1,0.003,4,3,12.0,4,20,4,0,125,,True,0.06836184737845835,0.00868508072359464,12,5,608,0.5549597855227882,0.06836184737845835,472,0.740625,0.16349489628462643,
129831,0.15,0.001,12,3,3.0,3,0,3,0,125,0.2,True,0.10023992686566618,0.00867332842191193,14,0,786,0.6097560975609756,0.12315815941664571,1043,0.6773700305810397,0.10023992686566618,
323343,0.2,0.03,12,3,3.0,2,40,4,0,125,0.2,True,0.17896745726023622,0.008640157093765366,12,8,170,0.7415730337078652,0.2549750955635353,195,0.7560975609756098,0.17896745726023622,
323235,0.2,0.03,12,3,3.0,1,40,4,0,125,0.2,True,0.17896745726023622,0.008640157093765366,11,8,170,0.7415730337078652,0.2549750955635353,195,0.7560975609756098,0.17896745726023622,
130143,0.15,0.001,12,3,5.0,2,0,1,0,125,0.2,True,0.060031285067533746,0.00795417243332186,15,1,3545,0.5568181818181818,0.07022024367385188,4046,0.6371613887829073,0.060031285067533746,
3411,0.1,0.001,4,1,12.0,4,20,4,0,125,0.2,True,0.07526284338790101,0.007673152729673949,12,3,721,0.6231884057971014,0.13659046765277155,529,0.6523929471032746,0.07526284338790101,
129974,0.15,0.001,12,3,3.0,4,20,3,0,125,,True,0.11494306701633372,0.007628389800242885,14,1,359,0.6215139442231076,0.13491600607877768,509,0.6920731707317073,0.11494306701633372,
123506,0.15,0.001,8,3,5.0,4,20,4,0,125,,True,0.07268939086946402,0.007615658996490859,14,1,466,0.5807692307692308,0.09417129262490093,500,0.6498194945848376,0.07268939086946402,
123507,0.15,0.001,8,3,5.0,4,20,4,0,125,0.2,True,0.06755854097327119,0.007615658996490859,14,0,454,0.5803921568627451,0.09379421871841526,489,0.6446886446886447,0.06755854097327119,
129986,0.15,0.001,12,3,3.0,4,20,4,0,125,,True,0.10017486082363358,0.007615658996490859,13,3,305,0.6634146341463415,0.1768166960020116,449,0.6773049645390071,0.10017486082363358,
129987,0.15,0.001,12,3,3.0,4,20,4,0,125,0.2,True,0.10017486082363358,0.007615658996490859,13,4,302,0.6732673267326733,0.18666938858834342,449,0.6773049645390071,0.10017486082363358,
129758,0.15,0.001,12,3,3.0,2,20,3,0,125,,True,0.06895761741122569,0.007534433025840559,15,0,846,0.5555555555555556,0.06895761741122569,985,0.6849757673667205,0.10784566365134696,
129651,0.15,0.001,12,3,3.0,1,20,3,0,125,0.2,True,0.07186628524135946,0.0073880637411825045,14,0,844,0.5584642233856894,0.07186628524135946,994,0.685214626391097,0.10808452267572344,
130443,0.15,0.001,12,3,5.0,4,40,3,0,125,0.2,True,0.07911989628462646,0.007249254722562326,15,0,571,0.5970149253731343,0.11041698722880439,765,0.65625,0.07911989628462646,
34082,0.1,0.003,4,3,8.0,4,20,4,0,125,,True,0.08006872852233676,0.006921620422557506,13,3,458,0.5666666666666667,0.08006872852233676,354,0.705607476635514,0.1284773729201405,
115707,0.15,0.001,4,2,12.0,4,20,1,0,125,0.2,True,0.11873364324326396,0.006886289727249362,13,2,640,0.6658097686375322,0.17921183049320227,682,0.6958637469586375,0.11873364324326396,
130142,0.15,0.001,12,3,5.0,2,0,1,0,125,,True,0.060512481835957255,0.006794787514303624,15,0,3587,0.5602868668758404,0.0736889287315105,4072,0.6376425855513308,0.060512481835957255,
129975,0.15,0.001,12,3,3.0,4,20,3,0,125,0.2,True,0.11494306701633372,0.006711359699260622,14,1,356,0.6290322580645161,0.14243431992018624,509,0.6920731707317073,0.11494306701633372,
212631,0.15,0.03,12,3,3.0,1,40,3,0,125,0.2,True,0.15302862644335657,0.0065608834090900015,13,7,362,0.7371134020618557,0.2505154639175258,339,0.7301587301587301,0.15302862644335657,
268094,0.2,0.003,12,3,3.0,3,20,1,0,125,,True,0.10495135763031799,0.006424272942451403,15,0,325,0.5915492957746479,0.10495135763031799,515,0.6934523809523809,0.11632227723700739,
113138,0.15,0.001,4,1,5.0,4,20,4,0,125,,True,0.0861352024070754,0.006352840629330281,14,2,273,0.6108374384236454,0.12423950027931546,267,0.6632653061224489,0.0861352024070754,
157431,0.15,0.003,12,3,3.0,2,40,1,0,125,0.2,True,0.08759561024276691,0.0062250283628471625,14,0,692,0.5741935483870968,0.08759561024276691,646,0.6737089201877934,0.09657881647241984,
47283,0.1,0.003,12,3,5.0,2,40,3,0,125,0.2,True,0.07548815457090191,0.006203229617959827,16,0,1733,0.5620860927152318,0.07548815457090191,1836,0.6675925925925926,0.09046248887721908,
6422,0.1,0.001,4,3,8.0,4,20,3,0,125,,True,0.08010260068714214,0.006203229617959827,13,15,554,0.7222222222222222,0.23562428407789232,506,0.6572327044025157,0.08010260068714214,
6423,0.1,0.001,4,3,8.0,4,20,3,0,125,0.2,True,0.08010260068714214,0.006203229617959827,13,14,553,0.7244582043343654,0.23786026619003547,500,0.6572327044025157,0.08010260068714214,
6410,0.1,0.001,4,3,8.0,4,20,1,0,125,,True,0.08010260068714214,0.006203229617959827,12,9,661,0.7017114914425427,0.21511355329821286,510,0.6572327044025157,0.08010260068714214,
6411,0.1,0.001,4,3,8.0,4,20,1,0,125,0.2,True,0.08010260068714214,0.006203229617959827,12,10,660,0.7034313725490197,0.21683343440468977,504,0.6572327044025157,0.08010260068714214,
6396,0.1,0.001,4,3,8.0,4,0,4,0,0,,True,0.08118832204491266,0.006203229617959827,11,0,823,0.59251968503937,0.10592174689504014,850,0.6583184257602862,0.08118832204491266,
6891,0.1,0.001,4,3,12.0,4,40,3,0,125,0.2,True,0.11810799152272167,0.006203229617959827,11,9,400,0.6127659574468085,0.12616801930247862,474,0.6952380952380952,0.11810799152272167,
6397,0.1,0.001,4,3,8.0,4,0,4,0,0,0.2,True,0.08118832204491266,0.006097342282085139,11,0,814,0.5912698412698413,0.10467190312551139,842,0.6583184257602862,0.08118832204491266,
213243,0.15,0.03,12,3,5.0,3,20,3,0,125,0.2,True,0.10617454344469535,0.005968487833922231,17,0,838,0.6623931623931624,0.17579522424883248,986,0.6833046471600689,0.10617454344469535,
213231,0.15,0.03,12,3,5.0,3,20,1,0,125,0.2,True,0.10617454344469535,0.005968487833922231,16,0,838,0.6623931623931624,0.17579522424883248,986,0.6833046471600689,0.10617454344469535,
95739,0.1,0.03,8,3,5.0,3,20,3,0,125,0.2,True,0.09026595755377309,0.005968487833922231,15,1,778,0.5979166666666667,0.11131872852233676,793,0.6673960612691466,0.09026595755377309,
95727,0.1,0.03,8,3,5.0,3,20,1,0,125,0.2,True,0.09026595755377309,0.005968487833922231,14,1,778,0.5979166666666667,0.11131872852233676,793,0.6673960612691466,0.09026595755377309,
212739,0.15,0.03,12,3,3.0,2,40,3,0,125,0.2,True,0.15302862644335657,0.00566559520935761,14,8,359,0.7447916666666666,0.25819372852233674,335,0.7301587301587301,0.15302862644335657,
129650,0.15,0.001,12,3,3.0,1,20,3,0,125,,True,0.06703527984874974,0.005547061638957129,14,0,849,0.5536332179930796,0.06703527984874974,997,0.6830427892234548,0.1059126855080813,
6890,0.1,0.001,4,3,12.0,4,40,3,0,125,,True,0.08710724113853868,0.0054969235157491525,11,6,417,0.5737051792828686,0.08710724113853868,480,0.6952380952380952,0.11810799152272167,
47282,0.1,0.003,12,3,5.0,2,40,3,0,125,,True,0.07363308495798032,0.005278771086528189,16,0,1741,0.5602310231023102,0.07363308495798032,1852,0.6685032139577594,0.09137311024238581,
157299,0.15,0.003,12,3,3.0,1,20,3,0,125,0.2,True,0.10179966217091407,0.0052128504442190415,15,1,724,0.6012269938650306,0.11462905572070076,926,0.6789297658862876,0.10179966217091407,
268095,0.2,0.003,12,3,3.0,3,20,1,0,125,0.2,True,0.11632227723700739,0.00497937559036743,15,0,320,0.6057692307692307,0.11917129262490084,514,0.6934523809523809,0.11632227723700739,
130154,0.15,0.001,12,3,5.0,2,0,3,0,125,,True,0.07818051752711141,0.004921178335908549,16,1,2681,0.5688295936931473,0.08223165554881745,3267,0.655310621242485,0.07818051752711141,
130046,0.15,0.001,12,3,5.0,1,0,3,0,125,,True,0.07812211001942687,0.004921178335908549,15,2,2715,0.5647200481637568,0.07812211001942687,3338,0.6586325627151992,0.08150245899982567,
157682,0.15,0.003,12,3,5.0,1,0,1,0,125,,True,0.06082146436719893,0.004856039471693441,15,2,3399,0.5625,0.07590206185567011,3901,0.6379515680825725,0.06082146436719893,
157322,0.15,0.003,12,3,3.0,1,40,1,0,125,,True,0.07979210334944603,0.004473490427098659,13,0,731,0.5663900414937759,0.07979210334944603,671,0.6786516853932584,0.10152158167788483,
157419,0.15,0.003,12,3,3.0,2,20,4,0,125,0.2,True,0.10278159606387594,0.0043676936414546175,15,4,484,0.6246246246246246,0.13802668648029476,723,0.6799116997792495,0.10278159606387594,
157311,0.15,0.003,12,3,3.0,1,20,4,0,125,0.2,True,0.10278159606387594,0.0043676936414546175,14,3,485,0.6227544910179641,0.1361565528736342,723,0.6799116997792495,0.10278159606387594,
212630,0.15,0.03,12,3,3.0,1,40,3,0,125,,True,0.14538298528986204,0.004265245121835792,13,8,369,0.725,0.2384020618556701,341,0.7225130890052356,0.14538298528986204,
115731,0.15,0.001,4,2,12.0,4,20,4,0,125,0.2,True,0.13003500531889434,0.004200765046179167,13,5,494,0.6516129032258065,0.16501496508147656,517,0.7071651090342679,0.13003500531889434,
136563,0.15,0.001,20,3,3.0,1,20,3,0,125,0.2,True,0.06372326099913911,0.004061402515010748,14,0,1464,0.550321199143469,0.06372326099913911,1838,0.6652211621856028,0.08809105847022924,first_drought 闸恒真
157790,0.15,0.003,12,3,5.0,2,0,1,0,125,,True,0.05416634550015087,0.003888414803144946,16,2,3199,0.5699949824385349,0.08339704429420497,3758,0.6312964492155244,0.05416634550015087,
41439,0.1,0.003,8,3,12.0,4,40,1,0,125,0.2,True,0.05974140466451472,0.003888414803144946,13,0,843,0.5578747628083491,0.07127682466401924,1129,0.6368715083798883,0.05974140466451472,
136527,0.15,0.001,20,3,3.0,1,0,3,0,125,0.2,True,0.06480393101454857,0.0038377685506754133,13,0,1504,0.5514018691588785,0.06480393101454857,1844,0.6669542709232097,0.08982416720783615,
41451,0.1,0.003,8,3,12.0,4,40,3,0,125,0.2,True,0.06009466885956111,0.0038326838652394946,14,0,826,0.546692607003891,0.06009466885956111,1108,0.6486486486486487,0.07151854493327514,
115706,0.15,0.001,4,2,12.0,4,20,1,0,125,,True,0.11852207019766992,0.0037924920625780345,14,2,667,0.644927536231884,0.15832959808755415,695,0.6956521739130435,0.11852207019766992,
157683,0.15,0.003,12,3,5.0,1,0,1,0,125,0.2,True,0.060320095487813696,0.0036661492120269035,15,1,3357,0.558780127889818,0.07218218974548812,3875,0.6374501992031872,0.060320095487813696,
130155,0.15,0.001,12,3,5.0,2,0,3,0,125,0.2,True,0.0776258097219692,0.003599062951293086,16,0,2639,0.5642768850432633,0.07767894689893345,3241,0.6547559134373427,0.0776258097219692,
130047,0.15,0.001,12,3,5.0,1,0,3,0,125,0.2,True,0.07352476124217316,0.003599062951293086,15,0,2673,0.560122699386503,0.07352476124217316,3312,0.658102766798419,0.0809726630830454,
129984,0.15,0.001,12,3,3.0,4,20,4,0,0,,True,0.056457682544168386,0.0035150575749490764,13,0,463,0.5851393188854489,0.09854138074111901,610,0.6335877862595419,0.056457682544168386,
129985,0.15,0.001,12,3,3.0,4,20,4,0,0,0.2,True,0.056457682544168386,0.0035150575749490764,13,0,460,0.590625,0.10402706185567007,609,0.6335877862595419,0.056457682544168386,
6818,0.1,0.001,4,3,12.0,4,0,3,0,125,,True,0.12239294874885542,0.0035150575749490764,12,8,977,0.6339754816112084,0.14737754346687854,1035,0.699523052464229,0.12239294874885542,
117456,0.15,0.001,4,3,12.0,4,20,4,0,0,,True,0.07360519040227353,0.0035150575749490764,12,1,461,0.5733333333333334,0.08673539518900347,457,0.6507352941176471,0.07360519040227353,
6806,0.1,0.001,4,3,12.0,4,0,1,0,125,,True,0.11723191408878075,0.0035150575749490764,11,7,1114,0.6324404761904762,0.14584253804614628,1094,0.6943620178041543,0.11723191408878075,
164235,0.15,0.003,20,3,3.0,1,40,1,0,125,0.2,True,0.07034650630011458,0.0034932025176888093,13,0,1157,0.5569444444444445,0.07034650630011458,1104,0.6578581363004172,0.08072803258504369,
212810,0.15,0.03,12,3,3.0,3,20,3,0,125,,True,0.18542697391019725,0.003402061855670102,15,6,339,0.7294117647058823,0.24281382656155243,376,0.7625570776255708,0.18542697391019725,
212798,0.15,0.03,12,3,3.0,3,20,1,0,125,,True,0.18542697391019725,0.003402061855670102,14,6,339,0.7294117647058823,0.24281382656155243,376,0.7625570776255708,0.18542697391019725,
212738,0.15,0.03,12,3,3.0,2,40,3,0,125,,True,0.14538298528986204,0.0033783708608976504,14,6,366,0.7323232323232324,0.2457252941789025,337,0.7225130890052356,0.14538298528986204,
129963,0.15,0.001,12,3,3.0,4,20,1,0,125,0.2,True,0.1285841819989122,0.003334947761710394,13,3,387,0.6377358490566037,0.15113791091227385,531,0.7057142857142857,0.1285841819989122,
129818,0.15,0.001,12,3,3.0,3,0,1,0,125,,True,0.09455252282361415,0.003289476704206873,13,3,961,0.6294498381877023,0.1428519000433724,1133,0.6716826265389877,0.09455252282361415,
157298,0.15,0.003,12,3,3.0,1,20,3,0,125,,True,0.0995365629512931,0.003242146707638338,15,1,729,0.5951417004048583,0.10854376226052836,929,0.6766666666666666,0.0995365629512931,
212811,0.15,0.03,12,3,3.0,3,20,3,0,125,0.2,True,0.18542697391019725,0.0031280892529303994,15,6,330,0.7407407407407407,0.2541428025964108,376,0.7625570776255708,0.18542697391019725,
212799,0.15,0.03,12,3,3.0,3,20,1,0,125,0.2,True,0.18542697391019725,0.0031280892529303994,14,6,330,0.7407407407407407,0.2541428025964108,376,0.7625570776255708,0.18542697391019725,
212989,0.15,0.03,12,3,5.0,1,0,3,0,0,0.2,True,0.04905286158431099,0.003043671956032501,15,0,2883,0.565359477124183,0.07876153897985311,3081,0.6261829652996845,0.04905286158431099,
213254,0.15,0.03,12,3,5.0,3,20,4,0,125,,True,0.14955102426727285,0.003014673947501323,16,2,711,0.6768867924528302,0.19028885430850034,800,0.7266811279826464,0.14955102426727285,
136671,0.15,0.001,20,3,3.0,2,20,3,0,125,0.2,True,0.06490420777841693,0.0029164106415420776,15,0,1461,0.5515021459227468,0.06490420777841693,1826,0.6660823838737949,0.08895228015842138,first_drought 闸恒真
136729,0.15,0.001,20,3,3.0,3,0,1,0,0,0.2,True,0.033442650389409356,0.0028852349325931836,13,1,3092,0.5200405885337392,0.033442650389409356,3839,0.6295843520782396,0.05245424836286605,
32775,0.1,0.003,4,2,12.0,4,20,3,0,125,0.2,True,0.10211173927502498,0.002853538648919074,15,6,1092,0.5887096774193549,0.10211173927502498,681,0.7103004291845494,0.13317032546917584,
136635,0.15,0.001,20,3,3.0,2,0,3,0,125,0.2,True,0.06595148953517066,0.002729703264421457,14,0,1501,0.5525494276795005,0.06595148953517066,1832,0.6678291194420227,0.09069901572664918,
157791,0.15,0.003,12,3,5.0,2,0,1,0,125,0.2,True,0.0536199998900968,0.002682102857396451,16,1,3157,0.5662589194699287,0.07966098132559879,3732,0.6307501036054703,0.0536199998900968,
164234,0.15,0.003,20,3,3.0,1,40,1,0,125,,True,0.06726946517058724,0.002560548604734092,13,0,1185,0.5538674033149171,0.06726946517058724,1107,0.6551246537396122,0.07799455002423861,
129819,0.15,0.001,12,3,3.0,3,0,1,0,125,0.2,True,0.09455252282361415,0.0025190190916439814,13,3,956,0.634584013050571,0.1479860749062411,1132,0.6716826265389877,0.09455252282361415,
34083,0.1,0.003,4,3,8.0,4,20,4,0,125,0.2,True,0.08217529605641366,0.0023905934523824612,13,3,457,0.5687732342007435,0.08217529605641366,348,0.705607476635514,0.1284773729201405,
113570,0.15,0.001,4,1,8.0,4,20,4,0,125,,True,0.08690151683798619,0.0023705533148498104,14,3,385,0.6245353159851301,0.13793737784080023,375,0.6640316205533597,0.08690151683798619,
46922,0.1,0.003,12,3,3.0,3,20,3,0,125,,True,0.057972564286788375,0.002361152246470599,15,0,980,0.5445705024311183,0.057972564286788375,1015,0.6688632619439868,0.09173315822861328,
212559,0.15,0.03,12,3,3.0,1,0,3,0,125,0.2,True,0.1313167627696401,0.0022349756497058726,13,17,555,0.6996699669966997,0.2130720288523698,644,0.7084468664850136,0.1313167627696401,
213133,0.15,0.03,12,3,5.0,2,20,3,0,0,0.2,True,0.046771478006946365,0.002138188967553245,17,0,2540,0.5744949494949495,0.08789701135061961,2674,0.6239015817223199,0.046771478006946365,
213025,0.15,0.03,12,3,5.0,1,20,3,0,0,0.2,True,0.0490273036920339,0.0018172647056791114,16,0,2566,0.568407960199005,0.08181002205467508,2717,0.6261574074074074,0.0490273036920339,
101967,0.1,0.03,12,3,3.0,1,0,3,0,125,0.2,True,0.0664323648859731,0.0016766638714474924,13,1,877,0.553030303030303,0.0664323648859731,857,0.688659793814433,0.11152969009905944,
129771,0.15,0.001,12,3,3.0,2,20,4,0,125,0.2,True,0.09694961969628707,0.0015933005399455524,14,3,556,0.583547557840617,0.09694961969628707,774,0.6847599164926931,0.10762981277731953,
32774,0.1,0.003,4,2,12.0,4,20,3,0,125,,True,0.09169663549908097,0.0015910382336228879,15,4,1119,0.5782945736434109,0.09169663549908097,694,0.7100213219616205,0.13289121824624694,
5785,0.1,0.001,4,3,5.0,2,20,4,0,0,0.2,True,0.056708280123010324,0.001566239686852211,13,0,1302,0.5833333333333334,0.09673539518900348,1134,0.6338383838383839,0.056708280123010324,
46923,0.1,0.003,12,3,3.0,3,20,3,0,125,0.2,True,0.062421669698807414,0.0014812290859034238,15,0,975,0.5490196078431373,0.062421669698807414,1014,0.6688632619439868,0.09173315822861328,
117433,0.15,0.001,4,3,12.0,4,20,1,0,0,0.2,True,0.07671605013078031,0.0014712112876150707,12,6,735,0.5920502092050209,0.10545227106069105,737,0.6538461538461539,0.07671605013078031,
6879,0.1,0.001,4,3,12.0,4,40,1,0,125,0.2,True,0.09503471491689458,0.0014020618556701003,10,7,468,0.5816326530612245,0.09503471491689458,478,0.6952380952380952,0.11810799152272167,
13791,0.1,0.001,8,3,12.0,4,40,1,0,125,0.2,True,0.028320133251451107,0.0013681897999847648,12,2,985,0.5460526315789473,0.059454693434617456,1312,0.6054502369668247,0.028320133251451107,
5784,0.1,0.001,4,3,5.0,2,20,4,0,0,,True,0.05649599415162776,0.001362831920419194,13,0,1303,0.5826086956521739,0.09601075750784399,1150,0.6336260978670013,0.05649599415162776,
212988,0.15,0.03,12,3,5.0,1,0,3,0,0,,True,0.0472168137349922,0.0013068614871364348,15,0,2960,0.5736228813559322,0.08702494321160231,3114,0.6243469174503657,0.0472168137349922,
144230,0.15,0.003,4,3,5.0,4,20,3,0,125,,True,0.16102110947471776,0.0011831492966746238,13,9,193,0.6476190476190476,0.16102110947471776,141,0.7931034482758621,0.21597334456048856,
4706,0.1,0.001,4,2,8.0,4,20,4,0,125,,True,0.07438504779977795,0.0011321232053633778,13,5,827,0.6197183098591549,0.133120371714825,567,0.6515151515151515,0.07438504779977795,
136728,0.15,0.001,20,3,3.0,3,0,1,0,0,,True,0.03029565741794954,0.0011266127538737125,13,1,3129,0.5168935955622794,0.03029565741794954,3853,0.6293138449045879,0.05218374118921432,
117470,0.15,0.001,4,3,12.0,4,40,1,0,125,,True,0.1073414557950641,0.001068948417327853,11,2,276,0.593939393939394,0.1073414557950641,401,0.75,0.17286989628462646,
212558,0.15,0.03,12,3,3.0,1,0,3,0,125,,True,0.1274769423550871,0.001047624068653441,13,9,564,0.6945337620578779,0.20793582391354798,647,0.7046070460704607,0.1274769423550871,
102723,0.1,0.03,12,3,5.0,4,0,3,0,125,0.2,True,0.0023610523919477266,0.000941002665638957,13,0,527,0.4889589905362776,0.0023610523919477266,468,0.7699115044247787,0.1927814007094052,
102711,0.1,0.03,12,3,5.0,4,0,1,0,125,0.2,True,0.0023610523919477266,0.000941002665638957,12,0,527,0.4889589905362776,0.0023610523919477266,468,0.7699115044247787,0.1927814007094052,
102735,0.1,0.03,12,3,5.0,4,0,4,0,125,0.2,True,0.0023610523919477266,0.000941002665638957,12,0,527,0.4889589905362776,0.0023610523919477266,468,0.7699115044247787,0.1927814007094052,
46934,0.1,0.003,12,3,3.0,3,20,4,0,125,,True,0.06358793546161806,0.0009098236893451128,14,1,828,0.550185873605948,0.06358793546161806,889,0.664804469273743,0.0876743655583695,
47175,0.1,0.003,12,3,5.0,1,40,3,0,125,0.2,True,0.06841824308544359,0.0008707335348681067,15,0,1789,0.5550161812297735,0.06841824308544359,1848,0.6657509157509157,0.08862081203554217,
32763,0.1,0.003,4,2,12.0,4,20,1,0,125,0.2,True,0.10901334712212779,0.0008097322007614149,14,4,1144,0.5956112852664577,0.10901334712212779,694,0.6924686192468619,0.11533851553148833,
