base,axis,move,fold,D_base,D_move,keep_ratio,sym_move,diff_pt,se_pt,z,se_formula_pt,kept_minus_removed_pt,se_kr_pt
ref,bo.exceed_threshold,0.003->0.0015,2024,10373,10742,1.036,1980,-0.09,0.3,-0.28,,,
ref,bo.exceed_threshold,0.003->0.0015,2025,13409,13993,1.044,2384,0.49,0.27,1.8,,,
ref,bo.exceed_threshold,0.003->0.0045,2024,10373,9911,0.955,1911,-0.01,0.31,-0.05,,,
ref,bo.exceed_threshold,0.003->0.0045,2025,13409,12816,0.956,2303,-0.09,0.29,-0.29,,,
ref,bo.min_relative_height,0.2->0.1,2024,10373,17722,1.708,2762,-0.6,0.9,-0.66,,,
ref,bo.min_relative_height,0.2->0.1,2025,13409,20030,1.494,3074,0.45,0.73,0.62,,,
ref,bo.min_relative_height,0.2->0.3,2024,10373,6107,0.589,1332,-1.44,1.15,-1.25,,,
ref,bo.min_relative_height,0.2->0.3,2025,13409,8679,0.647,1729,-0.58,0.89,-0.66,,,
ref,burst.gap_max,8->4,2024,10373,8903,0.858,1828,-0.3,0.52,-0.57,,,
ref,burst.gap_max,8->4,2025,13409,11322,0.844,2185,0.0,0.48,0.0,,,
ref,burst.gap_max,8->12,2024,10373,11537,1.112,2032,-0.28,0.4,-0.69,,,
ref,burst.gap_max,8->12,2025,13409,14988,1.118,2442,-0.41,0.34,-1.2,,,
ref,tb.max_rise_k,1.5->0.75,2024,10373,7386,0.712,1903,-0.91,1.01,-0.9,,,
ref,tb.max_rise_k,1.5->0.75,2025,13409,9521,0.71,2308,-1.52,0.93,-1.64,,,
ref,tb.max_rise_k,1.5->2.25,2024,10373,14030,1.353,1962,-0.34,0.8,-0.43,,,
ref,tb.max_rise_k,1.5->2.25,2025,13409,17356,1.294,2360,-0.46,0.6,-0.77,,,
ref,tb.max_span,20->10,2024,10373,8769,0.845,1935,-0.79,0.57,-1.4,,,
ref,tb.max_span,20->10,2025,13409,11388,0.849,2332,-0.28,0.5,-0.55,,,
ref,tb.max_span,20->30,2024,10373,10581,1.02,1949,0.45,0.22,2.01,,,
ref,tb.max_span,20->30,2025,13409,13838,1.032,2346,-0.37,0.3,-1.26,,,
ref,tb.stop_confirm_bars,1->2,2024,10373,9517,0.917,1745,1.16,0.88,1.31,,,
ref,tb.stop_confirm_bars,1->2,2025,13409,12305,0.918,2142,1.11,0.78,1.42,,,
ref,burst.count,1->2,2024,10373,6381,0.615,1564,0.96,0.7,1.38,1.16,2.5,1.81
ref,burst.count,1->2,2025,13409,8543,0.637,1906,-0.55,0.61,-0.91,1.01,-1.52,1.67
ref,burst.distinct_pk,1->3,2024,10373,3369,0.325,929,4.02,1.81,2.23,2.11,5.96,2.68
ref,burst.distinct_pk,1->3,2025,13409,4775,0.356,1129,-0.81,1.59,-0.51,1.8,-1.26,2.46
ref,burst.first_drought,0->40,2024,10373,6041,0.582,1534,1.74,1.23,1.41,1.24,4.16,2.96
ref,burst.first_drought,0->40,2025,13409,7491,0.559,1812,-1.11,1.17,-0.95,1.19,-2.52,2.65
ref,burst.peak_age_max,0->60,2024,10373,5489,0.529,1366,2.36,1.15,2.06,1.38,5.01,2.43
ref,burst.peak_age_max,0->60,2025,13409,6584,0.491,1537,-1.02,1.16,-0.88,1.37,-2.0,2.26
ref,burst.max_bar_vol_ratio,0->3,2024,10373,4301,0.415,1092,0.27,1.63,0.16,1.74,0.45,2.78
ref,burst.max_bar_vol_ratio,0->3,2025,13409,5522,0.412,1260,-2.44,1.5,-1.62,1.6,-4.15,2.55
ref,tb.max_day_drop,None->0.2,2024,10373,9983,0.962,1918,-0.0,0.33,-0.01,0.29,-0.1,8.72
ref,tb.max_day_drop,None->0.2,2025,13409,12849,0.958,2281,0.66,0.31,2.14,0.28,15.88,7.57
prod,bo.exceed_threshold,0.003->0.0015,2024,1041,1040,0.999,385,-0.33,0.92,-0.36,,,
prod,bo.exceed_threshold,0.003->0.0015,2025,1434,1445,1.008,406,-0.96,0.77,-1.25,,,
prod,bo.exceed_threshold,0.003->0.0045,2024,1041,988,0.949,387,2.36,1.27,1.87,,,
prod,bo.exceed_threshold,0.003->0.0045,2025,1434,1404,0.979,403,0.5,0.79,0.63,,,
prod,bo.min_relative_height,0.2->0.1,2024,1041,1575,1.513,537,-4.17,3.26,-1.28,,,
prod,bo.min_relative_height,0.2->0.1,2025,1434,1791,1.249,492,3.26,2.47,1.32,,,
prod,bo.min_relative_height,0.2->0.3,2024,1041,540,0.519,230,-1.33,3.9,-0.34,,,
prod,bo.min_relative_height,0.2->0.3,2025,1434,862,0.601,299,-6.09,3.38,-1.8,,,
prod,burst.gap_max,8->4,2024,1041,663,0.637,262,4.29,3.01,1.43,,,
prod,burst.gap_max,8->4,2025,1434,798,0.556,250,3.1,3.46,0.9,,,
prod,burst.gap_max,8->12,2024,1041,1505,1.446,509,-3.83,2.12,-1.81,,,
prod,burst.gap_max,8->12,2025,1434,1947,1.358,540,-1.49,1.84,-0.81,,,
prod,tb.max_rise_k,1.5->0.75,2024,1041,811,0.779,380,0.45,2.73,0.17,,,
prod,tb.max_rise_k,1.5->0.75,2025,1434,1121,0.782,386,-1.05,3.18,-0.33,,,
prod,tb.max_rise_k,1.5->2.25,2024,1041,1372,1.318,392,-3.24,1.91,-1.7,,,
prod,tb.max_rise_k,1.5->2.25,2025,1434,1831,1.277,410,1.03,1.6,0.65,,,
prod,tb.max_span,20->10,2024,1041,858,0.824,384,-3.99,1.66,-2.4,,,
prod,tb.max_span,20->10,2025,1434,1130,0.788,400,-2.18,1.79,-1.22,,,
prod,tb.max_span,20->30,2024,1041,1062,1.02,387,0.85,0.54,1.56,,,
prod,tb.max_span,20->30,2025,1434,1479,1.031,403,-0.48,0.48,-1.0,,,
prod,tb.stop_confirm_bars,1->2,2024,1041,1001,0.962,347,0.89,2.66,0.33,,,
prod,tb.stop_confirm_bars,1->2,2025,1434,1390,0.969,358,0.04,2.23,0.02,,,
prod,burst.count,1->2,2024,1041,979,0.94,371,-1.28,0.74,-1.72,1.08,-21.44,9.48
prod,burst.count,1->2,2025,1434,1335,0.931,381,-0.31,0.75,-0.41,1.1,-4.47,10.58
prod,burst.distinct_pk,3->1,2024,1041,1373,1.319,499,-2.48,1.72,-1.45,2.17,10.26,6.98
prod,burst.distinct_pk,3->1,2025,1434,1727,1.204,496,-0.49,1.36,-0.36,1.68,2.91,8.07
prod,burst.distinct_pk,3->5,2024,1041,303,0.291,136,-1.81,5.36,-0.34,6.7,-2.55,7.55
prod,burst.distinct_pk,3->5,2025,1434,559,0.39,168,-6.91,4.27,-1.62,5.07,-11.32,7.02
prod,burst.first_drought,40->0,2024,1041,1825,1.753,608,-4.16,2.68,-1.55,2.8,9.68,6.29
prod,burst.first_drought,40->0,2025,1434,2603,1.815,704,0.44,2.65,0.17,2.81,-0.99,5.9
prod,burst.first_drought,40->80,2024,1041,729,0.7,271,-0.87,2.77,-0.32,2.81,-2.92,9.11
prod,burst.first_drought,40->80,2025,1434,670,0.467,210,3.9,4.22,0.92,4.32,7.31,7.98
prod,burst.peak_age_max,60->0,2024,1041,1143,1.098,422,0.58,0.78,0.74,1.25,-6.47,8.75
prod,burst.peak_age_max,60->0,2025,1434,1636,1.141,461,1.29,1.04,1.23,1.41,-10.44,8.01
prod,burst.peak_age_max,60->120,2024,1041,533,0.512,235,2.03,3.39,0.6,4.19,4.17,6.97
prod,burst.peak_age_max,60->120,2025,1434,874,0.609,249,-1.24,2.7,-0.46,3.24,-3.18,6.89
prod,burst.max_bar_vol_ratio,3->0,2024,1041,1530,1.47,522,-2.74,2.55,-1.08,2.52,8.58,8.06
prod,burst.max_bar_vol_ratio,3->0,2025,1434,1945,1.356,561,-1.39,1.87,-0.74,2.05,5.28,7.03
prod,burst.max_bar_vol_ratio,3->6,2024,1041,647,0.622,247,3.33,3.27,1.02,3.35,8.81,8.8
prod,burst.max_bar_vol_ratio,3->6,2025,1434,817,0.57,245,-1.89,3.5,-0.54,3.52,-4.39,8.09
prod,tb.max_day_drop,0.2->None,2024,1041,1197,1.15,415,-1.2,1.66,-0.72,1.6,9.18,13.64
prod,tb.max_day_drop,0.2->None,2025,1434,1682,1.173,459,-1.4,1.8,-0.78,1.6,9.47,12.68
